time,equity
2021-06-24 00:00:00+00:00,10000.0
2021-06-25 00:00:00+00:00,10000.0
2021-06-26 00:00:00+00:00,10000.0
2021-06-27 00:00:00+00:00,10000.0
2021-06-28 00:00:00+00:00,10000.0
2021-06-29 00:00:00+00:00,10000.0
2021-06-30 00:00:00+00:00,10000.0
2021-07-01 00:00:00+00:00,10000.0
2021-07-02 00:00:00+00:00,10000.0
2021-07-03 00:00:00+00:00,10000.0
2021-07-04 00:00:00+00:00,10000.0
2021-07-05 00:00:00+00:00,10000.0
2021-07-06 00:00:00+00:00,10000.0
2021-07-07 00:00:00+00:00,10000.0
2021-07-08 00:00:00+00:00,10000.0
2021-07-09 00:00:00+00:00,10000.0
2021-07-10 00:00:00+00:00,10000.0
2021-07-11 00:00:00+00:00,10000.0
2021-07-12 00:00:00+00:00,10000.0
2021-07-13 00:00:00+00:00,10000.0
2021-07-14 00:00:00+00:00,10000.0
2021-07-15 00:00:00+00:00,10000.0
2021-07-16 00:00:00+00:00,10000.0
2021-07-17 00:00:00+00:00,10000.0
2021-07-18 00:00:00+00:00,10000.0
2021-07-19 00:00:00+00:00,10000.0
2021-07-20 00:00:00+00:00,10000.0
2021-07-21 00:00:00+00:00,10000.0
2021-07-22 00:00:00+00:00,10000.0
2021-07-23 00:00:00+00:00,10000.0
2021-07-24 00:00:00+00:00,10000.0
2021-07-25 00:00:00+00:00,10000.0
2021-07-26 00:00:00+00:00,10127.369807650233
2021-07-27 00:00:00+00:00,10284.17424826487
2021-07-28 00:00:00+00:00,10323.843066133344
2021-07-29 00:00:00+00:00,10323.625544085533
2021-07-30 00:00:00+00:00,10478.28442631949
2021-07-31 00:00:00+00:00,10425.702002463282
2021-08-01 00:00:00+00:00,10311.546008027879
2021-08-02 00:00:00+00:00,10262.277264198712
2021-08-03 00:00:00+00:00,10201.102049906282
2021-08-04 00:00:00+00:00,10201.102049906282
2021-08-05 00:00:00+00:00,10201.102049906282
2021-08-06 00:00:00+00:00,10201.102049906282
2021-08-07 00:00:00+00:00,10201.102049906282
2021-08-08 00:00:00+00:00,10201.102049906282
2021-08-09 00:00:00+00:00,10201.102049906282
2021-08-10 00:00:00+00:00,10201.102049906282
2021-08-11 00:00:00+00:00,10201.102049906282
2021-08-12 00:00:00+00:00,10201.102049906282
2021-08-13 00:00:00+00:00,10201.102049906282
2021-08-14 00:00:00+00:00,10201.102049906282
2021-08-15 00:00:00+00:00,10201.102049906282
2021-08-16 00:00:00+00:00,10201.102049906282
2021-08-17 00:00:00+00:00,10201.102049906282
2021-08-18 00:00:00+00:00,10201.102049906282
2021-08-19 00:00:00+00:00,10201.102049906282
2021-08-20 00:00:00+00:00,10201.102049906282
2021-08-21 00:00:00+00:00,10201.102049906282
2021-08-22 00:00:00+00:00,10201.102049906282
2021-08-23 00:00:00+00:00,10201.102049906282
2021-08-24 00:00:00+00:00,10201.102049906282
2021-08-25 00:00:00+00:00,10201.102049906282
2021-08-26 00:00:00+00:00,10201.102049906282
2021-08-27 00:00:00+00:00,10201.102049906282
2021-08-28 00:00:00+00:00,10201.102049906282
2021-08-29 00:00:00+00:00,10201.102049906282
2021-08-30 00:00:00+00:00,10201.102049906282
2021-08-31 00:00:00+00:00,10201.102049906282
2021-09-01 00:00:00+00:00,10201.102049906282
2021-09-02 00:00:00+00:00,10201.102049906282
2021-09-03 00:00:00+00:00,10201.102049906282
2021-09-04 00:00:00+00:00,10201.102049906282
2021-09-05 00:00:00+00:00,10201.102049906282
2021-09-06 00:00:00+00:00,10201.102049906282
2021-09-07 00:00:00+00:00,10201.102049906282
2021-09-08 00:00:00+00:00,10201.102049906282
2021-09-09 00:00:00+00:00,10201.102049906282
2021-09-10 00:00:00+00:00,10201.102049906282
2021-09-11 00:00:00+00:00,10201.102049906282
2021-09-12 00:00:00+00:00,10201.102049906282
2021-09-13 00:00:00+00:00,10201.102049906282
2021-09-14 00:00:00+00:00,10201.102049906282
2021-09-15 00:00:00+00:00,10201.102049906282
2021-09-16 00:00:00+00:00,10201.102049906282
2021-09-17 00:00:00+00:00,10173.898968241394
2021-09-18 00:00:00+00:00,10226.908233740667
2021-09-19 00:00:00+00:00,10170.789727810652
2021-09-20 00:00:00+00:00,9991.011526315198
2021-09-21 00:00:00+00:00,9991.011526315198
2021-09-22 00:00:00+00:00,9991.011526315198
2021-09-23 00:00:00+00:00,9991.011526315198
2021-09-24 00:00:00+00:00,9991.011526315198
2021-09-25 00:00:00+00:00,9991.011526315198
2021-09-26 00:00:00+00:00,9991.011526315198
2021-09-27 00:00:00+00:00,9991.011526315198
2021-09-28 00:00:00+00:00,9991.011526315198
2021-09-29 00:00:00+00:00,9991.011526315198
2021-09-30 00:00:00+00:00,9991.011526315198
2021-10-01 00:00:00+00:00,9991.011526315198
2021-10-02 00:00:00+00:00,9991.011526315198
2021-10-03 00:00:00+00:00,9991.011526315198
2021-10-04 00:00:00+00:00,10040.351453874433
2021-10-05 00:00:00+00:00,10156.736714524544
2021-10-06 00:00:00+00:00,10355.784230392457
2021-10-07 00:00:00+00:00,10276.549747832065
2021-10-08 00:00:00+00:00,10285.15854344082
2021-10-09 00:00:00+00:00,10336.864665625195
2021-10-10 00:00:00+00:00,10321.80691302681
2021-10-11 00:00:00+00:00,10467.47171255924
2021-10-12 00:00:00+00:00,10391.104584098484
2021-10-13 00:00:00+00:00,10462.066936542313
2021-10-14 00:00:00+00:00,10461.079729729829
2021-10-15 00:00:00+00:00,10608.270268270911
2021-10-16 00:00:00+00:00,10608.270268270911
2021-10-17 00:00:00+00:00,10608.270268270911
2021-10-18 00:00:00+00:00,10608.270268270911
2021-10-19 00:00:00+00:00,10608.270268270911
2021-10-20 00:00:00+00:00,10608.270268270911
2021-10-21 00:00:00+00:00,10608.270268270911
2021-10-22 00:00:00+00:00,10608.270268270911
2021-10-23 00:00:00+00:00,10608.270268270911
2021-10-24 00:00:00+00:00,10608.270268270911
2021-10-25 00:00:00+00:00,10608.270268270911
2021-10-26 00:00:00+00:00,10608.270268270911
2021-10-27 00:00:00+00:00,10608.270268270911
2021-10-28 00:00:00+00:00,10608.270268270911
2021-10-29 00:00:00+00:00,10608.270268270911
2021-10-30 00:00:00+00:00,10608.270268270911
2021-10-31 00:00:00+00:00,10608.270268270911
2021-11-01 00:00:00+00:00,10608.270268270911
2021-11-02 00:00:00+00:00,10608.270268270911
2021-11-03 00:00:00+00:00,10608.270268270911
2021-11-04 00:00:00+00:00,10608.270268270911
2021-11-05 00:00:00+00:00,10608.270268270911
2021-11-06 00:00:00+00:00,10608.270268270911
2021-11-07 00:00:00+00:00,10608.270268270911
2021-11-08 00:00:00+00:00,10608.270268270911
2021-11-09 00:00:00+00:00,10608.270268270911
2021-11-10 00:00:00+00:00,10608.270268270911
2021-11-11 00:00:00+00:00,10608.270268270911
2021-11-12 00:00:00+00:00,10608.270268270911
2021-11-13 00:00:00+00:00,10608.270268270911
2021-11-14 00:00:00+00:00,10608.270268270911
2021-11-15 00:00:00+00:00,10608.270268270911
2021-11-16 00:00:00+00:00,10608.270268270911
2021-11-17 00:00:00+00:00,10608.270268270911
2021-11-18 00:00:00+00:00,10608.270268270911
2021-11-19 00:00:00+00:00,10608.270268270911
2021-11-20 00:00:00+00:00,10608.270268270911
2021-11-21 00:00:00+00:00,10608.270268270911
2021-11-22 00:00:00+00:00,10608.270268270911
2021-11-23 00:00:00+00:00,10608.270268270911
2021-11-24 00:00:00+00:00,10608.270268270911
2021-11-25 00:00:00+00:00,10608.270268270911
2021-11-26 00:00:00+00:00,10608.270268270911
2021-11-27 00:00:00+00:00,10608.270268270911
2021-11-28 00:00:00+00:00,10608.270268270911
2021-11-29 00:00:00+00:00,10608.270268270911
2021-11-30 00:00:00+00:00,10608.270268270911
2021-12-01 00:00:00+00:00,10608.270268270911
2021-12-02 00:00:00+00:00,10608.270268270911
2021-12-03 00:00:00+00:00,10608.270268270911
2021-12-04 00:00:00+00:00,10608.270268270911
2021-12-05 00:00:00+00:00,10608.270268270911
2021-12-06 00:00:00+00:00,10608.270268270911
2021-12-07 00:00:00+00:00,10608.270268270911
2021-12-08 00:00:00+00:00,10608.270268270911
2021-12-09 00:00:00+00:00,10608.270268270911
2021-12-10 00:00:00+00:00,10608.270268270911
2021-12-11 00:00:00+00:00,10608.270268270911
2021-12-12 00:00:00+00:00,10608.270268270911
2021-12-13 00:00:00+00:00,10608.270268270911
2021-12-14 00:00:00+00:00,10608.270268270911
2021-12-15 00:00:00+00:00,10608.270268270911
2021-12-16 00:00:00+00:00,10608.270268270911
2021-12-17 00:00:00+00:00,10608.270268270911
2021-12-18 00:00:00+00:00,10608.270268270911
2021-12-19 00:00:00+00:00,10608.270268270911
2021-12-20 00:00:00+00:00,10608.270268270911
2021-12-21 00:00:00+00:00,10608.270268270911
2021-12-22 00:00:00+00:00,10608.270268270911
2021-12-23 00:00:00+00:00,10608.270268270911
2021-12-24 00:00:00+00:00,10608.270268270911
2021-12-25 00:00:00+00:00,10608.270268270911
2021-12-26 00:00:00+00:00,10608.270268270911
2021-12-27 00:00:00+00:00,10608.270268270911
2021-12-28 00:00:00+00:00,10608.270268270911
2021-12-29 00:00:00+00:00,10608.270268270911
2021-12-30 00:00:00+00:00,10608.270268270911
2021-12-31 00:00:00+00:00,10608.270268270911
2022-01-01 00:00:00+00:00,10608.270268270911
2022-01-02 00:00:00+00:00,10608.270268270911
2022-01-03 00:00:00+00:00,10608.270268270911
2022-01-04 00:00:00+00:00,10608.270268270911
2022-01-05 00:00:00+00:00,10608.270268270911
2022-01-06 00:00:00+00:00,10608.270268270911
2022-01-07 00:00:00+00:00,10608.270268270911
2022-01-08 00:00:00+00:00,10608.270268270911
2022-01-09 00:00:00+00:00,10608.270268270911
2022-01-10 00:00:00+00:00,10608.270268270911
2022-01-11 00:00:00+00:00,10608.270268270911
2022-01-12 00:00:00+00:00,10608.270268270911
2022-01-13 00:00:00+00:00,10608.270268270911
2022-01-14 00:00:00+00:00,10608.270268270911
2022-01-15 00:00:00+00:00,10608.270268270911
2022-01-16 00:00:00+00:00,10608.270268270911
2022-01-17 00:00:00+00:00,10608.270268270911
2022-01-18 00:00:00+00:00,10608.270268270911
2022-01-19 00:00:00+00:00,10608.270268270911
2022-01-20 00:00:00+00:00,10608.270268270911
2022-01-21 00:00:00+00:00,10608.270268270911
2022-01-22 00:00:00+00:00,10608.270268270911
2022-01-23 00:00:00+00:00,10608.270268270911
2022-01-24 00:00:00+00:00,10608.270268270911
2022-01-25 00:00:00+00:00,10608.270268270911
2022-01-26 00:00:00+00:00,10608.270268270911
2022-01-27 00:00:00+00:00,10608.270268270911
2022-01-28 00:00:00+00:00,10608.270268270911
2022-01-29 00:00:00+00:00,10608.270268270911
2022-01-30 00:00:00+00:00,10608.270268270911
2022-01-31 00:00:00+00:00,10608.270268270911
2022-02-01 00:00:00+00:00,10608.270268270911
2022-02-02 00:00:00+00:00,10608.270268270911
2022-02-03 00:00:00+00:00,10608.270268270911
2022-02-04 00:00:00+00:00,10608.270268270911
2022-02-05 00:00:00+00:00,10608.270268270911
2022-02-06 00:00:00+00:00,10608.270268270911
2022-02-07 00:00:00+00:00,10608.270268270911
2022-02-08 00:00:00+00:00,10616.567026424376
2022-02-09 00:00:00+00:00,10636.503828971026
2022-02-10 00:00:00+00:00,10583.459950227434
2022-02-11 00:00:00+00:00,10515.636850161918
2022-02-12 00:00:00+00:00,10506.21292742234
2022-02-13 00:00:00+00:00,10496.284130084563
2022-02-14 00:00:00+00:00,10525.444719452222
2022-02-15 00:00:00+00:00,10646.912106017035
2022-02-16 00:00:00+00:00,10606.322606882695
2022-02-17 00:00:00+00:00,10389.794162046954
2022-02-18 00:00:00+00:00,10389.794162046954
2022-02-19 00:00:00+00:00,10389.794162046954
2022-02-20 00:00:00+00:00,10389.794162046954
2022-02-21 00:00:00+00:00,10389.794162046954
2022-02-22 00:00:00+00:00,10389.794162046954
2022-02-23 00:00:00+00:00,10389.794162046954
2022-02-24 00:00:00+00:00,10389.794162046954
2022-02-25 00:00:00+00:00,10389.794162046954
2022-02-26 00:00:00+00:00,10389.794162046954
2022-02-27 00:00:00+00:00,10389.794162046954
2022-02-28 00:00:00+00:00,10389.794162046954
2022-03-01 00:00:00+00:00,10389.794162046954
2022-03-02 00:00:00+00:00,10355.027374130337
2022-03-03 00:00:00+00:00,10270.927696577113
2022-03-04 00:00:00+00:00,10175.817546105925
2022-03-05 00:00:00+00:00,10175.817546105925
2022-03-06 00:00:00+00:00,10175.817546105925
2022-03-07 00:00:00+00:00,10175.817546105925
2022-03-08 00:00:00+00:00,10175.817546105925
2022-03-09 00:00:00+00:00,10175.817546105925
2022-03-10 00:00:00+00:00,10175.817546105925
2022-03-11 00:00:00+00:00,10175.817546105925
2022-03-12 00:00:00+00:00,10175.817546105925
2022-03-13 00:00:00+00:00,10175.817546105925
2022-03-14 00:00:00+00:00,10175.817546105925
2022-03-15 00:00:00+00:00,10175.817546105925
2022-03-16 00:00:00+00:00,10175.817546105925
2022-03-17 00:00:00+00:00,10175.817546105925
2022-03-18 00:00:00+00:00,10175.817546105925
2022-03-19 00:00:00+00:00,10199.014997183598
2022-03-20 00:00:00+00:00,10141.836534365302
2022-03-21 00:00:00+00:00,10126.013234171522
2022-03-22 00:00:00+00:00,10208.940333640097
2022-03-23 00:00:00+00:00,10240.52056214583
2022-03-24 00:00:00+00:00,10308.031117540439
2022-03-25 00:00:00+00:00,10327.619956424218
2022-03-26 00:00:00+00:00,10339.68319817512
2022-03-27 00:00:00+00:00,10480.738061047003
2022-03-28 00:00:00+00:00,10498.66760288514
2022-03-29 00:00:00+00:00,10517.70171897678
2022-03-30 00:00:00+00:00,10495.366058451573
2022-03-31 00:00:00+00:00,10400.518203657299
2022-04-01 00:00:00+00:00,10447.5965710275
2022-04-02 00:00:00+00:00,10418.825882546938
2022-04-03 00:00:00+00:00,10455.138608901745
2022-04-04 00:00:00+00:00,10465.682604366822
2022-04-05 00:00:00+00:00,10399.739399649454
2022-04-06 00:00:00+00:00,10266.281462458292
2022-04-07 00:00:00+00:00,10266.281462458292
2022-04-08 00:00:00+00:00,10266.281462458292
2022-04-09 00:00:00+00:00,10266.281462458292
2022-04-10 00:00:00+00:00,10266.281462458292
2022-04-11 00:00:00+00:00,10266.281462458292
2022-04-12 00:00:00+00:00,10266.281462458292
2022-04-13 00:00:00+00:00,10266.281462458292
2022-04-14 00:00:00+00:00,10266.281462458292
2022-04-15 00:00:00+00:00,10266.281462458292
2022-04-16 00:00:00+00:00,10266.281462458292
2022-04-17 00:00:00+00:00,10266.281462458292
2022-04-18 00:00:00+00:00,10266.281462458292
2022-04-19 00:00:00+00:00,10266.281462458292
2022-04-20 00:00:00+00:00,10266.281462458292
2022-04-21 00:00:00+00:00,10266.281462458292
2022-04-22 00:00:00+00:00,10266.281462458292
2022-04-23 00:00:00+00:00,10266.281462458292
2022-04-24 00:00:00+00:00,10266.281462458292
2022-04-25 00:00:00+00:00,10266.281462458292
2022-04-26 00:00:00+00:00,10266.281462458292
2022-04-27 00:00:00+00:00,10266.281462458292
2022-04-28 00:00:00+00:00,10266.281462458292
2022-04-29 00:00:00+00:00,10266.281462458292
2022-04-30 00:00:00+00:00,10266.281462458292
2022-05-01 00:00:00+00:00,10266.281462458292
2022-05-02 00:00:00+00:00,10266.281462458292
2022-05-03 00:00:00+00:00,10266.281462458292
2022-05-04 00:00:00+00:00,10266.281462458292
2022-05-05 00:00:00+00:00,10266.281462458292
2022-05-06 00:00:00+00:00,10266.281462458292
2022-05-07 00:00:00+00:00,10266.281462458292
2022-05-08 00:00:00+00:00,10266.281462458292
2022-05-09 00:00:00+00:00,10266.281462458292
2022-05-10 00:00:00+00:00,10266.281462458292
2022-05-11 00:00:00+00:00,10266.281462458292
2022-05-12 00:00:00+00:00,10266.281462458292
2022-05-13 00:00:00+00:00,10266.281462458292
2022-05-14 00:00:00+00:00,10266.281462458292
2022-05-15 00:00:00+00:00,10266.281462458292
2022-05-16 00:00:00+00:00,10266.281462458292
2022-05-17 00:00:00+00:00,10266.281462458292
2022-05-18 00:00:00+00:00,10266.281462458292
2022-05-19 00:00:00+00:00,10266.281462458292
2022-05-20 00:00:00+00:00,10266.281462458292
2022-05-21 00:00:00+00:00,10266.281462458292
2022-05-22 00:00:00+00:00,10266.281462458292
2022-05-23 00:00:00+00:00,10266.281462458292
2022-05-24 00:00:00+00:00,10266.281462458292
2022-05-25 00:00:00+00:00,10266.281462458292
2022-05-26 00:00:00+00:00,10266.281462458292
2022-05-27 00:00:00+00:00,10266.281462458292
2022-05-28 00:00:00+00:00,10266.281462458292
2022-05-29 00:00:00+00:00,10266.281462458292
2022-05-30 00:00:00+00:00,10266.281462458292
2022-05-31 00:00:00+00:00,10266.281462458292
2022-06-01 00:00:00+00:00,10266.281462458292
2022-06-02 00:00:00+00:00,10266.281462458292
2022-06-03 00:00:00+00:00,10266.281462458292
2022-06-04 00:00:00+00:00,10266.281462458292
2022-06-05 00:00:00+00:00,10266.281462458292
2022-06-06 00:00:00+00:00,10266.281462458292
2022-06-07 00:00:00+00:00,10266.281462458292
2022-06-08 00:00:00+00:00,10266.281462458292
2022-06-09 00:00:00+00:00,10266.281462458292
2022-06-10 00:00:00+00:00,10266.281462458292
2022-06-11 00:00:00+00:00,10266.281462458292
2022-06-12 00:00:00+00:00,10266.281462458292
2022-06-13 00:00:00+00:00,10266.281462458292
2022-06-14 00:00:00+00:00,10266.281462458292
2022-06-15 00:00:00+00:00,10266.281462458292
2022-06-16 00:00:00+00:00,10266.281462458292
2022-06-17 00:00:00+00:00,10266.281462458292
2022-06-18 00:00:00+00:00,10266.281462458292
2022-06-19 00:00:00+00:00,10266.281462458292
2022-06-20 00:00:00+00:00,10266.281462458292
2022-06-21 00:00:00+00:00,10266.281462458292
2022-06-22 00:00:00+00:00,10266.281462458292
2022-06-23 00:00:00+00:00,10266.281462458292
2022-06-24 00:00:00+00:00,10266.281462458292
2022-06-25 00:00:00+00:00,10266.281462458292
2022-06-26 00:00:00+00:00,10266.281462458292
2022-06-27 00:00:00+00:00,10266.281462458292
2022-06-28 00:00:00+00:00,10266.281462458292
2022-06-29 00:00:00+00:00,10266.281462458292
2022-06-30 00:00:00+00:00,10266.281462458292
2022-07-01 00:00:00+00:00,10266.281462458292
2022-07-02 00:00:00+00:00,10266.281462458292
2022-07-03 00:00:00+00:00,10266.281462458292
2022-07-04 00:00:00+00:00,10266.281462458292
2022-07-05 00:00:00+00:00,10266.281462458292
2022-07-06 00:00:00+00:00,10266.281462458292
2022-07-07 00:00:00+00:00,10266.281462458292
2022-07-08 00:00:00+00:00,10266.281462458292
2022-07-09 00:00:00+00:00,10266.281462458292
2022-07-10 00:00:00+00:00,10266.281462458292
2022-07-11 00:00:00+00:00,10266.281462458292
2022-07-12 00:00:00+00:00,10266.281462458292
2022-07-13 00:00:00+00:00,10266.281462458292
2022-07-14 00:00:00+00:00,10266.281462458292
2022-07-15 00:00:00+00:00,10266.281462458292
2022-07-16 00:00:00+00:00,10266.281462458292
2022-07-17 00:00:00+00:00,10266.281462458292
2022-07-18 00:00:00+00:00,10266.281462458292
2022-07-19 00:00:00+00:00,10266.281462458292
2022-07-20 00:00:00+00:00,10243.226423618544
2022-07-21 00:00:00+00:00,10235.43029284877
2022-07-22 00:00:00+00:00,10184.191371788993
2022-07-23 00:00:00+00:00,10158.563140474944
2022-07-24 00:00:00+00:00,10172.663272359354
2022-07-25 00:00:00+00:00,10054.848576361332
2022-07-26 00:00:00+00:00,10054.848576361332
2022-07-27 00:00:00+00:00,10054.848576361332
2022-07-28 00:00:00+00:00,10054.848576361332
2022-07-29 00:00:00+00:00,10054.848576361332
2022-07-30 00:00:00+00:00,10054.848576361332
2022-07-31 00:00:00+00:00,10054.848576361332
2022-08-01 00:00:00+00:00,10054.848576361332
2022-08-02 00:00:00+00:00,10054.848576361332
2022-08-03 00:00:00+00:00,10054.848576361332
2022-08-04 00:00:00+00:00,10054.848576361332
2022-08-05 00:00:00+00:00,10054.848576361332
2022-08-06 00:00:00+00:00,10054.848576361332
2022-08-07 00:00:00+00:00,10054.848576361332
2022-08-08 00:00:00+00:00,10054.848576361332
2022-08-09 00:00:00+00:00,10054.848576361332
2022-08-10 00:00:00+00:00,10054.848576361332
2022-08-11 00:00:00+00:00,10054.848576361332
2022-08-12 00:00:00+00:00,10054.848576361332
2022-08-13 00:00:00+00:00,10054.848576361332
2022-08-14 00:00:00+00:00,10054.848576361332
2022-08-15 00:00:00+00:00,10054.848576361332
2022-08-16 00:00:00+00:00,10054.848576361332
2022-08-17 00:00:00+00:00,10054.848576361332
2022-08-18 00:00:00+00:00,10054.848576361332
2022-08-19 00:00:00+00:00,10054.848576361332
2022-08-20 00:00:00+00:00,10054.848576361332
2022-08-21 00:00:00+00:00,10054.848576361332
2022-08-22 00:00:00+00:00,10054.848576361332
2022-08-23 00:00:00+00:00,10054.848576361332
2022-08-24 00:00:00+00:00,10054.848576361332
2022-08-25 00:00:00+00:00,10054.848576361332
2022-08-26 00:00:00+00:00,10054.848576361332
2022-08-27 00:00:00+00:00,10054.848576361332
2022-08-28 00:00:00+00:00,10054.848576361332
2022-08-29 00:00:00+00:00,10054.848576361332
2022-08-30 00:00:00+00:00,10054.848576361332
2022-08-31 00:00:00+00:00,10054.848576361332
2022-09-01 00:00:00+00:00,10054.848576361332
2022-09-02 00:00:00+00:00,10054.848576361332
2022-09-03 00:00:00+00:00,10054.848576361332
2022-09-04 00:00:00+00:00,10054.848576361332
2022-09-05 00:00:00+00:00,10054.848576361332
2022-09-06 00:00:00+00:00,10054.848576361332
2022-09-07 00:00:00+00:00,10054.848576361332
2022-09-08 00:00:00+00:00,10054.848576361332
2022-09-09 00:00:00+00:00,10054.848576361332
2022-09-10 00:00:00+00:00,10054.848576361332
2022-09-11 00:00:00+00:00,10054.848576361332
2022-09-12 00:00:00+00:00,10054.848576361332
2022-09-13 00:00:00+00:00,9801.81582086565
2022-09-14 00:00:00+00:00,9847.770126238756
2022-09-15 00:00:00+00:00,9847.770126238756
2022-09-16 00:00:00+00:00,9847.770126238756
2022-09-17 00:00:00+00:00,9847.770126238756
2022-09-18 00:00:00+00:00,9847.770126238756
2022-09-19 00:00:00+00:00,9847.770126238756
2022-09-20 00:00:00+00:00,9847.770126238756
2022-09-21 00:00:00+00:00,9847.770126238756
2022-09-22 00:00:00+00:00,9847.770126238756
2022-09-23 00:00:00+00:00,9847.770126238756
2022-09-24 00:00:00+00:00,9847.770126238756
2022-09-25 00:00:00+00:00,9847.770126238756
2022-09-26 00:00:00+00:00,9847.770126238756
2022-09-27 00:00:00+00:00,9847.770126238756
2022-09-28 00:00:00+00:00,9847.770126238756
2022-09-29 00:00:00+00:00,9847.770126238756
2022-09-30 00:00:00+00:00,9847.770126238756
2022-10-01 00:00:00+00:00,9847.770126238756
2022-10-02 00:00:00+00:00,9847.770126238756
2022-10-03 00:00:00+00:00,9847.770126238756
2022-10-04 00:00:00+00:00,9847.770126238756
2022-10-05 00:00:00+00:00,9847.770126238756
2022-10-06 00:00:00+00:00,9847.770126238756
2022-10-07 00:00:00+00:00,9847.770126238756
2022-10-08 00:00:00+00:00,9847.770126238756
2022-10-09 00:00:00+00:00,9847.770126238756
2022-10-10 00:00:00+00:00,9847.770126238756
2022-10-11 00:00:00+00:00,9847.770126238756
2022-10-12 00:00:00+00:00,9847.770126238756
2022-10-13 00:00:00+00:00,9847.770126238756
2022-10-14 00:00:00+00:00,9847.770126238756
2022-10-15 00:00:00+00:00,9847.770126238756
2022-10-16 00:00:00+00:00,9847.770126238756
2022-10-17 00:00:00+00:00,9847.770126238756
2022-10-18 00:00:00+00:00,9847.770126238756
2022-10-19 00:00:00+00:00,9847.770126238756
2022-10-20 00:00:00+00:00,9847.770126238756
2022-10-21 00:00:00+00:00,9847.770126238756
2022-10-22 00:00:00+00:00,9847.770126238756
2022-10-23 00:00:00+00:00,9847.770126238756
2022-10-24 00:00:00+00:00,9847.770126238756
2022-10-25 00:00:00+00:00,9847.770126238756
2022-10-26 00:00:00+00:00,9928.953256368803
2022-10-27 00:00:00+00:00,9870.559961408746
2022-10-28 00:00:00+00:00,9906.924640752051
2022-10-29 00:00:00+00:00,9933.620013991535
2022-10-30 00:00:00+00:00,9911.292372938871
2022-10-31 00:00:00+00:00,9894.534693387079
2022-11-01 00:00:00+00:00,9893.66212736098
2022-11-02 00:00:00+00:00,9853.002021161668
2022-11-03 00:00:00+00:00,9859.862448990463
2022-11-04 00:00:00+00:00,9975.146558646535
2022-11-05 00:00:00+00:00,9993.633438567465
2022-11-06 00:00:00+00:00,9945.373919548156
2022-11-07 00:00:00+00:00,9906.837629252257
2022-11-08 00:00:00+00:00,9644.956432982433
2022-11-09 00:00:00+00:00,9644.956432982433
2022-11-10 00:00:00+00:00,9644.956432982433
2022-11-11 00:00:00+00:00,9644.956432982433
2022-11-12 00:00:00+00:00,9644.956432982433
2022-11-13 00:00:00+00:00,9644.956432982433
2022-11-14 00:00:00+00:00,9644.956432982433
2022-11-15 00:00:00+00:00,9644.956432982433
2022-11-16 00:00:00+00:00,9644.956432982433
2022-11-17 00:00:00+00:00,9644.956432982433
2022-11-18 00:00:00+00:00,9644.956432982433
2022-11-19 00:00:00+00:00,9644.956432982433
2022-11-20 00:00:00+00:00,9644.956432982433
2022-11-21 00:00:00+00:00,9644.956432982433
2022-11-22 00:00:00+00:00,9644.956432982433
2022-11-23 00:00:00+00:00,9644.956432982433
2022-11-24 00:00:00+00:00,9644.956432982433
2022-11-25 00:00:00+00:00,9644.956432982433
2022-11-26 00:00:00+00:00,9644.956432982433
2022-11-27 00:00:00+00:00,9644.956432982433
2022-11-28 00:00:00+00:00,9644.956432982433
2022-11-29 00:00:00+00:00,9644.956432982433
2022-11-30 00:00:00+00:00,9644.956432982433
2022-12-01 00:00:00+00:00,9644.956432982433
2022-12-02 00:00:00+00:00,9644.956432982433
2022-12-03 00:00:00+00:00,9644.956432982433
2022-12-04 00:00:00+00:00,9644.956432982433
2022-12-05 00:00:00+00:00,9644.956432982433
2022-12-06 00:00:00+00:00,9644.956432982433
2022-12-07 00:00:00+00:00,9644.956432982433
2022-12-08 00:00:00+00:00,9644.956432982433
2022-12-09 00:00:00+00:00,9644.956432982433
2022-12-10 00:00:00+00:00,9644.956432982433
2022-12-11 00:00:00+00:00,9644.956432982433
2022-12-12 00:00:00+00:00,9644.956432982433
2022-12-13 00:00:00+00:00,9644.956432982433
2022-12-14 00:00:00+00:00,9645.045560417784
2022-12-15 00:00:00+00:00,9584.4673518013
2022-12-16 00:00:00+00:00,9486.278076171322
2022-12-17 00:00:00+00:00,9505.85573406667
2022-12-18 00:00:00+00:00,9502.583130436851
2022-12-19 00:00:00+00:00,9502.583130436851
2022-12-20 00:00:00+00:00,9502.583130436851
2022-12-21 00:00:00+00:00,9502.583130436851
2022-12-22 00:00:00+00:00,9502.583130436851
2022-12-23 00:00:00+00:00,9502.583130436851
2022-12-24 00:00:00+00:00,9502.583130436851
2022-12-25 00:00:00+00:00,9502.583130436851
2022-12-26 00:00:00+00:00,9502.583130436851
2022-12-27 00:00:00+00:00,9502.583130436851
2022-12-28 00:00:00+00:00,9502.583130436851
2022-12-29 00:00:00+00:00,9502.583130436851
2022-12-30 00:00:00+00:00,9502.583130436851
2022-12-31 00:00:00+00:00,9502.583130436851
2023-01-01 00:00:00+00:00,9502.583130436851
2023-01-02 00:00:00+00:00,9502.583130436851
2023-01-03 00:00:00+00:00,9502.583130436851
2023-01-04 00:00:00+00:00,9502.583130436851
2023-01-05 00:00:00+00:00,9502.583130436851
2023-01-06 00:00:00+00:00,9502.583130436851
2023-01-07 00:00:00+00:00,9502.583130436851
2023-01-08 00:00:00+00:00,9502.583130436851
2023-01-09 00:00:00+00:00,9506.011447189063
2023-01-10 00:00:00+00:00,9542.38838019193
2023-01-11 00:00:00+00:00,9612.064624579276
2023-01-12 00:00:00+00:00,9737.298870758652
2023-01-13 00:00:00+00:00,9887.490964683857
2023-01-14 00:00:00+00:00,10029.575882381898
2023-01-15 00:00:00+00:00,10018.011233940211
2023-01-16 00:00:00+00:00,10089.666079242767
2023-01-17 00:00:00+00:00,10089.666079242767
2023-01-18 00:00:00+00:00,10089.666079242767
2023-01-19 00:00:00+00:00,10089.666079242767
2023-01-20 00:00:00+00:00,10089.666079242767
2023-01-21 00:00:00+00:00,10089.666079242767
2023-01-22 00:00:00+00:00,10089.666079242767
2023-01-23 00:00:00+00:00,10089.666079242767
2023-01-24 00:00:00+00:00,10089.666079242767
2023-01-25 00:00:00+00:00,10089.666079242767
2023-01-26 00:00:00+00:00,10089.666079242767
2023-01-27 00:00:00+00:00,10089.666079242767
2023-01-28 00:00:00+00:00,10089.666079242767
2023-01-29 00:00:00+00:00,10089.666079242767
2023-01-30 00:00:00+00:00,10089.666079242767
2023-01-31 00:00:00+00:00,10089.666079242767
2023-02-01 00:00:00+00:00,10089.666079242767
2023-02-02 00:00:00+00:00,10089.666079242767
2023-02-03 00:00:00+00:00,10089.666079242767
2023-02-04 00:00:00+00:00,10089.666079242767
2023-02-05 00:00:00+00:00,10089.666079242767
2023-02-06 00:00:00+00:00,10089.666079242767
2023-02-07 00:00:00+00:00,10089.666079242767
2023-02-08 00:00:00+00:00,10089.666079242767
2023-02-09 00:00:00+00:00,10089.666079242767
2023-02-10 00:00:00+00:00,10089.666079242767
2023-02-11 00:00:00+00:00,10089.666079242767
2023-02-12 00:00:00+00:00,10089.666079242767
2023-02-13 00:00:00+00:00,10089.666079242767
2023-02-14 00:00:00+00:00,10089.666079242767
2023-02-15 00:00:00+00:00,10089.666079242767
2023-02-16 00:00:00+00:00,10089.666079242767
2023-02-17 00:00:00+00:00,10089.666079242767
2023-02-18 00:00:00+00:00,10089.666079242767
2023-02-19 00:00:00+00:00,10089.666079242767
2023-02-20 00:00:00+00:00,10089.666079242767
2023-02-21 00:00:00+00:00,10089.666079242767
2023-02-22 00:00:00+00:00,10089.666079242767
2023-02-23 00:00:00+00:00,10089.666079242767
2023-02-24 00:00:00+00:00,10089.666079242767
2023-02-25 00:00:00+00:00,10089.666079242767
2023-02-26 00:00:00+00:00,10089.666079242767
2023-02-27 00:00:00+00:00,10089.666079242767
2023-02-28 00:00:00+00:00,10089.666079242767
2023-03-01 00:00:00+00:00,10089.666079242767
2023-03-02 00:00:00+00:00,10089.666079242767
2023-03-03 00:00:00+00:00,10089.666079242767
2023-03-04 00:00:00+00:00,10089.666079242767
2023-03-05 00:00:00+00:00,10089.666079242767
2023-03-06 00:00:00+00:00,10089.666079242767
2023-03-07 00:00:00+00:00,10089.666079242767
2023-03-08 00:00:00+00:00,10089.666079242767
2023-03-09 00:00:00+00:00,10089.666079242767
2023-03-10 00:00:00+00:00,10089.666079242767
2023-03-11 00:00:00+00:00,10089.666079242767
2023-03-12 00:00:00+00:00,10089.666079242767
2023-03-13 00:00:00+00:00,10089.666079242767
2023-03-14 00:00:00+00:00,10089.666079242767
2023-03-15 00:00:00+00:00,10089.666079242767
2023-03-16 00:00:00+00:00,10159.913880095659
2023-03-17 00:00:00+00:00,10154.195548930305
2023-03-18 00:00:00+00:00,10154.195548930305
2023-03-19 00:00:00+00:00,10154.195548930305
2023-03-20 00:00:00+00:00,10154.195548930305
2023-03-21 00:00:00+00:00,10154.195548930305
2023-03-22 00:00:00+00:00,10154.195548930305
2023-03-23 00:00:00+00:00,10154.195548930305
2023-03-24 00:00:00+00:00,10154.195548930305
2023-03-25 00:00:00+00:00,10154.195548930305
2023-03-26 00:00:00+00:00,10154.195548930305
2023-03-27 00:00:00+00:00,10154.195548930305
2023-03-28 00:00:00+00:00,10154.195548930305
2023-03-29 00:00:00+00:00,10154.195548930305
2023-03-30 00:00:00+00:00,10154.195548930305
2023-03-31 00:00:00+00:00,10154.195548930305
2023-04-01 00:00:00+00:00,10154.195548930305
2023-04-02 00:00:00+00:00,10154.195548930305
2023-04-03 00:00:00+00:00,10154.195548930305
2023-04-04 00:00:00+00:00,10154.195548930305
2023-04-05 00:00:00+00:00,10154.195548930305
2023-04-06 00:00:00+00:00,10154.195548930305
2023-04-07 00:00:00+00:00,10154.195548930305
2023-04-08 00:00:00+00:00,10154.195548930305
2023-04-09 00:00:00+00:00,10154.195548930305
2023-04-10 00:00:00+00:00,10154.195548930305
2023-04-11 00:00:00+00:00,10154.195548930305
2023-04-12 00:00:00+00:00,10154.195548930305
2023-04-13 00:00:00+00:00,10154.195548930305
2023-04-14 00:00:00+00:00,10154.195548930305
2023-04-15 00:00:00+00:00,10154.195548930305
2023-04-16 00:00:00+00:00,10154.195548930305
2023-04-17 00:00:00+00:00,10154.195548930305
2023-04-18 00:00:00+00:00,10154.195548930305
2023-04-19 00:00:00+00:00,10154.195548930305
2023-04-20 00:00:00+00:00,10154.195548930305
2023-04-21 00:00:00+00:00,10154.195548930305
2023-04-22 00:00:00+00:00,10154.195548930305
2023-04-23 00:00:00+00:00,10154.195548930305
2023-04-24 00:00:00+00:00,10154.195548930305
2023-04-25 00:00:00+00:00,10154.195548930305
2023-04-26 00:00:00+00:00,10154.195548930305
2023-04-27 00:00:00+00:00,10154.195548930305
2023-04-28 00:00:00+00:00,10136.522010424651
2023-04-29 00:00:00+00:00,10129.527282067676
2023-04-30 00:00:00+00:00,10129.7648876094
2023-05-01 00:00:00+00:00,10029.475548539145
2023-05-02 00:00:00+00:00,10081.2666695183
2023-05-03 00:00:00+00:00,10111.940167531719
2023-05-04 00:00:00+00:00,10095.755442225733
2023-05-05 00:00:00+00:00,10153.215521510203
2023-05-06 00:00:00+00:00,10096.619775428244
2023-05-07 00:00:00+00:00,10060.625979415305
2023-05-08 00:00:00+00:00,9995.085589932858
2023-05-09 00:00:00+00:00,9991.514674304653
2023-05-10 00:00:00+00:00,9991.514674304653
2023-05-11 00:00:00+00:00,9991.514674304653
2023-05-12 00:00:00+00:00,9991.514674304653
2023-05-13 00:00:00+00:00,9991.514674304653
2023-05-14 00:00:00+00:00,9991.514674304653
2023-05-15 00:00:00+00:00,9991.514674304653
2023-05-16 00:00:00+00:00,9991.514674304653
2023-05-17 00:00:00+00:00,9991.514674304653
2023-05-18 00:00:00+00:00,9991.514674304653
2023-05-19 00:00:00+00:00,9991.514674304653
2023-05-20 00:00:00+00:00,9991.514674304653
2023-05-21 00:00:00+00:00,9991.514674304653
2023-05-22 00:00:00+00:00,9991.514674304653
2023-05-23 00:00:00+00:00,9991.514674304653
2023-05-24 00:00:00+00:00,9991.514674304653
2023-05-25 00:00:00+00:00,9991.514674304653
2023-05-26 00:00:00+00:00,9991.514674304653
2023-05-27 00:00:00+00:00,9991.514674304653
2023-05-28 00:00:00+00:00,9991.514674304653
2023-05-29 00:00:00+00:00,9991.514674304653
2023-05-30 00:00:00+00:00,9991.514674304653
2023-05-31 00:00:00+00:00,9991.514674304653
2023-06-01 00:00:00+00:00,9991.514674304653
2023-06-02 00:00:00+00:00,9991.514674304653
2023-06-03 00:00:00+00:00,9991.514674304653
2023-06-04 00:00:00+00:00,9991.514674304653
2023-06-05 00:00:00+00:00,9991.514674304653
2023-06-06 00:00:00+00:00,9991.514674304653
2023-06-07 00:00:00+00:00,9991.514674304653
2023-06-08 00:00:00+00:00,9991.514674304653
2023-06-09 00:00:00+00:00,9991.514674304653
2023-06-10 00:00:00+00:00,9991.514674304653
2023-06-11 00:00:00+00:00,9991.514674304653
2023-06-12 00:00:00+00:00,9991.514674304653
2023-06-13 00:00:00+00:00,9991.514674304653
2023-06-14 00:00:00+00:00,9991.514674304653
2023-06-15 00:00:00+00:00,9991.514674304653
2023-06-16 00:00:00+00:00,9991.514674304653
2023-06-17 00:00:00+00:00,9991.514674304653
2023-06-18 00:00:00+00:00,9991.514674304653
2023-06-19 00:00:00+00:00,9991.514674304653
2023-06-20 00:00:00+00:00,9991.514674304653
2023-06-21 00:00:00+00:00,10136.455923814352
2023-06-22 00:00:00+00:00,10126.845290438276
2023-06-23 00:00:00+00:00,10197.717207189186
2023-06-24 00:00:00+00:00,10183.511602730303
2023-06-25 00:00:00+00:00,10177.799198180717
2023-06-26 00:00:00+00:00,10160.630234251925
2023-06-27 00:00:00+00:00,10198.064696365122
2023-06-28 00:00:00+00:00,10143.821988782414
2023-06-29 00:00:00+00:00,10176.445401518125
2023-06-30 00:00:00+00:00,10178.622941557174
2023-07-01 00:00:00+00:00,10188.668377379281
2023-07-02 00:00:00+00:00,10191.413894650064
2023-07-03 00:00:00+00:00,10238.96611266767
2023-07-04 00:00:00+00:00,10204.597316482272
2023-07-05 00:00:00+00:00,10181.516626801453
2023-07-06 00:00:00+00:00,10127.772222224847
2023-07-07 00:00:00+00:00,10167.395689755997
2023-07-08 00:00:00+00:00,10162.097802751308
2023-07-09 00:00:00+00:00,10151.168650801568
2023-07-10 00:00:00+00:00,10173.29330427245
2023-07-11 00:00:00+00:00,10191.86104442722
2023-07-12 00:00:00+00:00,10170.508981103849
2023-07-13 00:00:00+00:00,10265.25093477533
2023-07-14 00:00:00+00:00,10164.512587938396
2023-07-15 00:00:00+00:00,10162.529077388448
2023-07-16 00:00:00+00:00,10157.455206248449
2023-07-17 00:00:00+00:00,10149.165737302708
2023-07-18 00:00:00+00:00,10124.570735654675
2023-07-19 00:00:00+00:00,10128.9875523884
2023-07-20 00:00:00+00:00,10119.355752158968
2023-07-21 00:00:00+00:00,10128.326970173232
2023-07-22 00:00:00+00:00,10118.826580825054
2023-07-23 00:00:00+00:00,10144.381146491916
2023-07-24 00:00:00+00:00,10064.36603104322
2023-07-25 00:00:00+00:00,10060.507475801198
2023-07-26 00:00:00+00:00,10060.507475801198
2023-07-27 00:00:00+00:00,10060.507475801198
2023-07-28 00:00:00+00:00,10060.507475801198
2023-07-29 00:00:00+00:00,10060.507475801198
2023-07-30 00:00:00+00:00,10060.507475801198
2023-07-31 00:00:00+00:00,10060.507475801198
2023-08-01 00:00:00+00:00,10060.507475801198
2023-08-02 00:00:00+00:00,10060.507475801198
2023-08-03 00:00:00+00:00,10060.507475801198
2023-08-04 00:00:00+00:00,10060.507475801198
2023-08-05 00:00:00+00:00,10060.507475801198
2023-08-06 00:00:00+00:00,10060.507475801198
2023-08-07 00:00:00+00:00,10060.507475801198
2023-08-08 00:00:00+00:00,10060.507475801198
2023-08-09 00:00:00+00:00,10060.507475801198
2023-08-10 00:00:00+00:00,10060.507475801198
2023-08-11 00:00:00+00:00,10060.507475801198
2023-08-12 00:00:00+00:00,10060.507475801198
2023-08-13 00:00:00+00:00,10060.507475801198
2023-08-14 00:00:00+00:00,10060.507475801198
2023-08-15 00:00:00+00:00,10060.507475801198
2023-08-16 00:00:00+00:00,10060.507475801198
2023-08-17 00:00:00+00:00,10060.507475801198
2023-08-18 00:00:00+00:00,10060.507475801198
2023-08-19 00:00:00+00:00,10060.507475801198
2023-08-20 00:00:00+00:00,10060.507475801198
2023-08-21 00:00:00+00:00,10060.507475801198
2023-08-22 00:00:00+00:00,10060.507475801198
2023-08-23 00:00:00+00:00,10060.507475801198
2023-08-24 00:00:00+00:00,10060.507475801198
2023-08-25 00:00:00+00:00,10060.507475801198
2023-08-26 00:00:00+00:00,10060.507475801198
2023-08-27 00:00:00+00:00,10060.507475801198
2023-08-28 00:00:00+00:00,10060.507475801198
2023-08-29 00:00:00+00:00,10060.507475801198
2023-08-30 00:00:00+00:00,10060.507475801198
2023-08-31 00:00:00+00:00,10060.507475801198
2023-09-01 00:00:00+00:00,10060.507475801198
2023-09-02 00:00:00+00:00,10060.507475801198
2023-09-03 00:00:00+00:00,10060.507475801198
2023-09-04 00:00:00+00:00,10060.507475801198
2023-09-05 00:00:00+00:00,10060.507475801198
2023-09-06 00:00:00+00:00,10060.507475801198
2023-09-07 00:00:00+00:00,10060.507475801198
2023-09-08 00:00:00+00:00,10060.507475801198
2023-09-09 00:00:00+00:00,10060.507475801198
2023-09-10 00:00:00+00:00,10060.507475801198
2023-09-11 00:00:00+00:00,10060.507475801198
2023-09-12 00:00:00+00:00,10060.507475801198
2023-09-13 00:00:00+00:00,10060.507475801198
2023-09-14 00:00:00+00:00,10060.507475801198
2023-09-15 00:00:00+00:00,10060.507475801198
2023-09-16 00:00:00+00:00,10060.507475801198
2023-09-17 00:00:00+00:00,10060.507475801198
2023-09-18 00:00:00+00:00,10060.507475801198
2023-09-19 00:00:00+00:00,10060.507475801198
2023-09-20 00:00:00+00:00,10048.859432970152
2023-09-21 00:00:00+00:00,9997.407335189571
2023-09-22 00:00:00+00:00,9998.521520888116
2023-09-23 00:00:00+00:00,9998.135343755454
2023-09-24 00:00:00+00:00,9967.871251622002
2023-09-25 00:00:00+00:00,9973.084642912956
2023-09-26 00:00:00+00:00,9969.439606794744
2023-09-27 00:00:00+00:00,9969.439606794744
2023-09-28 00:00:00+00:00,9969.439606794744
2023-09-29 00:00:00+00:00,9955.15233550754
2023-09-30 00:00:00+00:00,9960.278125023018
2023-10-01 00:00:00+00:00,10055.235219606446
2023-10-02 00:00:00+00:00,10009.318839640986
2023-10-03 00:00:00+00:00,10003.04527891206
2023-10-04 00:00:00+00:00,10035.506461399385
2023-10-05 00:00:00+00:00,10001.563778237352
2023-10-06 00:00:00+00:00,10049.567350192567
2023-10-07 00:00:00+00:00,10051.925582131524
2023-10-08 00:00:00+00:00,10048.27299614945
2023-10-09 00:00:00+00:00,10018.133169417515
2023-10-10 00:00:00+00:00,9999.695077635217
2023-10-11 00:00:00+00:00,9952.253867479361
2023-10-12 00:00:00+00:00,9941.569915196109
2023-10-13 00:00:00+00:00,9951.007452474878
2023-10-14 00:00:00+00:00,9950.129799306042
2023-10-15 00:00:00+00:00,9977.940895045871
2023-10-16 00:00:00+00:00,10102.087332729854
2023-10-17 00:00:00+00:00,10092.419319303806
2023-10-18 00:00:00+00:00,10085.421141567836
2023-10-19 00:00:00+00:00,10121.717447145878
2023-10-20 00:00:00+00:00,10209.789758257795
2023-10-21 00:00:00+00:00,10231.985533145327
2023-10-22 00:00:00+00:00,10239.605996478951
2023-10-23 00:00:00+00:00,10585.365605226969
2023-10-24 00:00:00+00:00,10585.365605226969
2023-10-25 00:00:00+00:00,10585.365605226969
2023-10-26 00:00:00+00:00,10585.365605226969
2023-10-27 00:00:00+00:00,10585.365605226969
2023-10-28 00:00:00+00:00,10585.365605226969
2023-10-29 00:00:00+00:00,10585.365605226969
2023-10-30 00:00:00+00:00,10585.365605226969
2023-10-31 00:00:00+00:00,10585.365605226969
2023-11-01 00:00:00+00:00,10585.365605226969
2023-11-02 00:00:00+00:00,10585.365605226969
2023-11-03 00:00:00+00:00,10585.365605226969
2023-11-04 00:00:00+00:00,10585.365605226969
2023-11-05 00:00:00+00:00,10585.365605226969
2023-11-06 00:00:00+00:00,10585.365605226969
2023-11-07 00:00:00+00:00,10585.365605226969
2023-11-08 00:00:00+00:00,10585.365605226969
2023-11-09 00:00:00+00:00,10585.365605226969
2023-11-10 00:00:00+00:00,10585.365605226969
2023-11-11 00:00:00+00:00,10585.365605226969
2023-11-12 00:00:00+00:00,10585.365605226969
2023-11-13 00:00:00+00:00,10585.365605226969
2023-11-14 00:00:00+00:00,10585.365605226969
2023-11-15 00:00:00+00:00,10585.365605226969
2023-11-16 00:00:00+00:00,10585.365605226969
2023-11-17 00:00:00+00:00,10585.365605226969
2023-11-18 00:00:00+00:00,10585.365605226969
2023-11-19 00:00:00+00:00,10585.365605226969
2023-11-20 00:00:00+00:00,10585.365605226969
2023-11-21 00:00:00+00:00,10585.365605226969
2023-11-22 00:00:00+00:00,10585.365605226969
2023-11-23 00:00:00+00:00,10585.365605226969
2023-11-24 00:00:00+00:00,10585.365605226969
2023-11-25 00:00:00+00:00,10585.365605226969
2023-11-26 00:00:00+00:00,10585.365605226969
2023-11-27 00:00:00+00:00,10585.365605226969
2023-11-28 00:00:00+00:00,10585.365605226969
2023-11-29 00:00:00+00:00,10585.365605226969
2023-11-30 00:00:00+00:00,10585.365605226969
2023-12-01 00:00:00+00:00,10585.365605226969
2023-12-02 00:00:00+00:00,10585.365605226969
2023-12-03 00:00:00+00:00,10585.365605226969
2023-12-04 00:00:00+00:00,10585.365605226969
2023-12-05 00:00:00+00:00,10585.365605226969
2023-12-06 00:00:00+00:00,10585.365605226969
2023-12-07 00:00:00+00:00,10585.365605226969
2023-12-08 00:00:00+00:00,10585.365605226969
2023-12-09 00:00:00+00:00,10585.365605226969
2023-12-10 00:00:00+00:00,10585.365605226969
2023-12-11 00:00:00+00:00,10585.365605226969
2023-12-12 00:00:00+00:00,10585.365605226969
2023-12-13 00:00:00+00:00,10585.365605226969
2023-12-14 00:00:00+00:00,10585.365605226969
2023-12-15 00:00:00+00:00,10585.365605226969
2023-12-16 00:00:00+00:00,10585.365605226969
2023-12-17 00:00:00+00:00,10585.365605226969
2023-12-18 00:00:00+00:00,10585.365605226969
2023-12-19 00:00:00+00:00,10585.365605226969
2023-12-20 00:00:00+00:00,10585.365605226969
2023-12-21 00:00:00+00:00,10585.365605226969
2023-12-22 00:00:00+00:00,10585.365605226969
2023-12-23 00:00:00+00:00,10585.365605226969
2023-12-24 00:00:00+00:00,10585.365605226969
2023-12-25 00:00:00+00:00,10585.365605226969
2023-12-26 00:00:00+00:00,10585.365605226969
2023-12-27 00:00:00+00:00,10585.365605226969
2023-12-28 00:00:00+00:00,10585.365605226969
2023-12-29 00:00:00+00:00,10585.365605226969
2023-12-30 00:00:00+00:00,10585.365605226969
2023-12-31 00:00:00+00:00,10585.365605226969
2024-01-01 00:00:00+00:00,10585.365605226969
2024-01-02 00:00:00+00:00,10585.365605226969
2024-01-03 00:00:00+00:00,10585.365605226969
2024-01-04 00:00:00+00:00,10585.365605226969
2024-01-05 00:00:00+00:00,10585.365605226969
2024-01-06 00:00:00+00:00,10585.365605226969
2024-01-07 00:00:00+00:00,10585.365605226969
2024-01-08 00:00:00+00:00,10585.365605226969
2024-01-09 00:00:00+00:00,10585.365605226969
2024-01-10 00:00:00+00:00,10585.365605226969
2024-01-11 00:00:00+00:00,10585.365605226969
2024-01-12 00:00:00+00:00,10585.365605226969
2024-01-13 00:00:00+00:00,10585.365605226969
2024-01-14 00:00:00+00:00,10585.365605226969
2024-01-15 00:00:00+00:00,10585.365605226969
2024-01-16 00:00:00+00:00,10585.365605226969
2024-01-17 00:00:00+00:00,10585.365605226969
2024-01-18 00:00:00+00:00,10585.365605226969
2024-01-19 00:00:00+00:00,10585.365605226969
2024-01-20 00:00:00+00:00,10585.365605226969
2024-01-21 00:00:00+00:00,10585.365605226969
2024-01-22 00:00:00+00:00,10585.365605226969
2024-01-23 00:00:00+00:00,10585.365605226969
2024-01-24 00:00:00+00:00,10585.365605226969
2024-01-25 00:00:00+00:00,10585.365605226969
2024-01-26 00:00:00+00:00,10585.365605226969
2024-01-27 00:00:00+00:00,10585.365605226969
2024-01-28 00:00:00+00:00,10585.365605226969
2024-01-29 00:00:00+00:00,10585.365605226969
2024-01-30 00:00:00+00:00,10585.365605226969
2024-01-31 00:00:00+00:00,10585.365605226969
2024-02-01 00:00:00+00:00,10585.365605226969
2024-02-02 00:00:00+00:00,10588.582879315287
2024-02-03 00:00:00+00:00,10576.985007793923
2024-02-04 00:00:00+00:00,10550.695639501275
2024-02-05 00:00:00+00:00,10558.420186612693
2024-02-06 00:00:00+00:00,10582.379052534101
2024-02-07 00:00:00+00:00,10659.161001706701
2024-02-08 00:00:00+00:00,10716.812694322967
2024-02-09 00:00:00+00:00,10830.029923850154
2024-02-10 00:00:00+00:00,10867.990836025745
2024-02-11 00:00:00+00:00,10901.689802084067
2024-02-12 00:00:00+00:00,11000.980499527688
2024-02-13 00:00:00+00:00,10987.6163331375
2024-02-14 00:00:00+00:00,11116.271606033288
2024-02-15 00:00:00+00:00,11121.479628060484
2024-02-16 00:00:00+00:00,11136.466428214422
2024-02-17 00:00:00+00:00,11106.90723494042
2024-02-18 00:00:00+00:00,11137.29892590025
2024-02-19 00:00:00+00:00,11115.016720141082
2024-02-20 00:00:00+00:00,11144.736764737863
2024-02-21 00:00:00+00:00,11119.600368903906
2024-02-22 00:00:00+00:00,11085.160381675381
2024-02-23 00:00:00+00:00,11051.74566814548
2024-02-24 00:00:00+00:00,11102.33832064991
2024-02-25 00:00:00+00:00,11112.199980183428
2024-02-26 00:00:00+00:00,11239.344377988273
2024-02-27 00:00:00+00:00,11239.344377988273
2024-02-28 00:00:00+00:00,11239.344377988273
2024-02-29 00:00:00+00:00,11239.344377988273
2024-03-01 00:00:00+00:00,11239.344377988273
2024-03-02 00:00:00+00:00,11239.344377988273
2024-03-03 00:00:00+00:00,11239.344377988273
2024-03-04 00:00:00+00:00,11239.344377988273
2024-03-05 00:00:00+00:00,11239.344377988273
2024-03-06 00:00:00+00:00,11239.344377988273
2024-03-07 00:00:00+00:00,11239.344377988273
2024-03-08 00:00:00+00:00,11239.344377988273
2024-03-09 00:00:00+00:00,11239.344377988273
2024-03-10 00:00:00+00:00,11239.344377988273
2024-03-11 00:00:00+00:00,11239.344377988273
2024-03-12 00:00:00+00:00,11239.344377988273
2024-03-13 00:00:00+00:00,11239.344377988273
2024-03-14 00:00:00+00:00,11239.344377988273
2024-03-15 00:00:00+00:00,11239.344377988273
2024-03-16 00:00:00+00:00,11239.344377988273
2024-03-17 00:00:00+00:00,11239.344377988273
2024-03-18 00:00:00+00:00,11239.344377988273
2024-03-19 00:00:00+00:00,11239.344377988273
2024-03-20 00:00:00+00:00,11239.344377988273
2024-03-21 00:00:00+00:00,11239.344377988273
2024-03-22 00:00:00+00:00,11239.344377988273
2024-03-23 00:00:00+00:00,11239.344377988273
2024-03-24 00:00:00+00:00,11239.344377988273
2024-03-25 00:00:00+00:00,11239.344377988273
2024-03-26 00:00:00+00:00,11239.344377988273
2024-03-27 00:00:00+00:00,11239.344377988273
2024-03-28 00:00:00+00:00,11239.344377988273
2024-03-29 00:00:00+00:00,11239.344377988273
2024-03-30 00:00:00+00:00,11239.344377988273
2024-03-31 00:00:00+00:00,11239.344377988273
2024-04-01 00:00:00+00:00,11239.344377988273
2024-04-02 00:00:00+00:00,11239.344377988273
2024-04-03 00:00:00+00:00,11239.344377988273
2024-04-04 00:00:00+00:00,11239.344377988273
2024-04-05 00:00:00+00:00,11239.344377988273
2024-04-06 00:00:00+00:00,11239.344377988273
2024-04-07 00:00:00+00:00,11239.344377988273
2024-04-08 00:00:00+00:00,11239.344377988273
2024-04-09 00:00:00+00:00,11239.344377988273
2024-04-10 00:00:00+00:00,11239.344377988273
2024-04-11 00:00:00+00:00,11239.344377988273
2024-04-12 00:00:00+00:00,11239.344377988273
2024-04-13 00:00:00+00:00,11239.344377988273
2024-04-14 00:00:00+00:00,11239.344377988273
2024-04-15 00:00:00+00:00,11239.344377988273
2024-04-16 00:00:00+00:00,11239.344377988273
2024-04-17 00:00:00+00:00,11239.344377988273
2024-04-18 00:00:00+00:00,11239.344377988273
2024-04-19 00:00:00+00:00,11239.344377988273
2024-04-20 00:00:00+00:00,11239.344377988273
2024-04-21 00:00:00+00:00,11239.344377988273
2024-04-22 00:00:00+00:00,11239.344377988273
2024-04-23 00:00:00+00:00,11239.344377988273
2024-04-24 00:00:00+00:00,11239.344377988273
2024-04-25 00:00:00+00:00,11239.344377988273
2024-04-26 00:00:00+00:00,11239.344377988273
2024-04-27 00:00:00+00:00,11239.344377988273
2024-04-28 00:00:00+00:00,11239.344377988273
2024-04-29 00:00:00+00:00,11239.344377988273
2024-04-30 00:00:00+00:00,11239.344377988273
2024-05-01 00:00:00+00:00,11239.344377988273
2024-05-02 00:00:00+00:00,11239.344377988273
2024-05-03 00:00:00+00:00,11239.344377988273
2024-05-04 00:00:00+00:00,11239.344377988273
2024-05-05 00:00:00+00:00,11239.344377988273
2024-05-06 00:00:00+00:00,11239.344377988273
2024-05-07 00:00:00+00:00,11239.344377988273
2024-05-08 00:00:00+00:00,11239.344377988273
2024-05-09 00:00:00+00:00,11239.344377988273
2024-05-10 00:00:00+00:00,11239.344377988273
2024-05-11 00:00:00+00:00,11239.344377988273
2024-05-12 00:00:00+00:00,11239.344377988273
2024-05-13 00:00:00+00:00,11239.344377988273
2024-05-14 00:00:00+00:00,11239.344377988273
2024-05-15 00:00:00+00:00,11239.344377988273
2024-05-16 00:00:00+00:00,11239.344377988273
2024-05-17 00:00:00+00:00,11239.344377988273
2024-05-18 00:00:00+00:00,11230.571400966626
2024-05-19 00:00:00+00:00,11203.704331913563
2024-05-20 00:00:00+00:00,11420.446436523058
2024-05-21 00:00:00+00:00,11366.046058460066
2024-05-22 00:00:00+00:00,11324.910140821343
2024-05-23 00:00:00+00:00,11274.754842634464
2024-05-24 00:00:00+00:00,11299.072182041278
2024-05-25 00:00:00+00:00,11330.10387935302
2024-05-26 00:00:00+00:00,11297.298894307025
2024-05-27 00:00:00+00:00,11336.215688164886
2024-05-28 00:00:00+00:00,11292.719856414795
2024-05-29 00:00:00+00:00,11261.462307947862
2024-05-30 00:00:00+00:00,11290.783151332631
2024-05-31 00:00:00+00:00,11256.752117158463
2024-06-01 00:00:00+00:00,11266.2571405431
2024-06-02 00:00:00+00:00,11266.206020244525
2024-06-03 00:00:00+00:00,11309.962900732433
2024-06-04 00:00:00+00:00,11382.366842309108
2024-06-05 00:00:00+00:00,11406.257620535991
2024-06-06 00:00:00+00:00,11393.312452468408
2024-06-07 00:00:00+00:00,11332.828758874724
2024-06-08 00:00:00+00:00,11330.937307827367
2024-06-09 00:00:00+00:00,11345.086736043399
2024-06-10 00:00:00+00:00,11340.555466299022
2024-06-11 00:00:00+00:00,11247.29192878979
2024-06-12 00:00:00+00:00,11287.088243194485
2024-06-13 00:00:00+00:00,11224.613372069332
2024-06-14 00:00:00+00:00,11194.06606053755
2024-06-15 00:00:00+00:00,11201.786901698077
2024-06-16 00:00:00+00:00,11197.625656560851
2024-06-17 00:00:00+00:00,11197.625656560851
2024-06-18 00:00:00+00:00,11197.625656560851
2024-06-19 00:00:00+00:00,11197.625656560851
2024-06-20 00:00:00+00:00,11197.625656560851
2024-06-21 00:00:00+00:00,11197.625656560851
2024-06-22 00:00:00+00:00,11197.625656560851
2024-06-23 00:00:00+00:00,11197.625656560851
2024-06-24 00:00:00+00:00,11197.625656560851
2024-06-25 00:00:00+00:00,11197.625656560851
2024-06-26 00:00:00+00:00,11197.625656560851
2024-06-27 00:00:00+00:00,11197.625656560851
2024-06-28 00:00:00+00:00,11197.625656560851
2024-06-29 00:00:00+00:00,11197.625656560851
2024-06-30 00:00:00+00:00,11197.625656560851
2024-07-01 00:00:00+00:00,11197.625656560851
2024-07-02 00:00:00+00:00,11197.625656560851
2024-07-03 00:00:00+00:00,11197.625656560851
2024-07-04 00:00:00+00:00,11197.625656560851
2024-07-05 00:00:00+00:00,11197.625656560851
2024-07-06 00:00:00+00:00,11197.625656560851
2024-07-07 00:00:00+00:00,11197.625656560851
2024-07-08 00:00:00+00:00,11197.625656560851
2024-07-09 00:00:00+00:00,11197.625656560851
2024-07-10 00:00:00+00:00,11197.625656560851
2024-07-11 00:00:00+00:00,11197.625656560851
2024-07-12 00:00:00+00:00,11197.625656560851
2024-07-13 00:00:00+00:00,11197.625656560851
2024-07-14 00:00:00+00:00,11197.625656560851
2024-07-15 00:00:00+00:00,11197.625656560851
2024-07-16 00:00:00+00:00,11197.625656560851
2024-07-17 00:00:00+00:00,11197.625656560851
2024-07-18 00:00:00+00:00,11189.058306152334
2024-07-19 00:00:00+00:00,11305.718223888483
2024-07-20 00:00:00+00:00,11326.672721551968
2024-07-21 00:00:00+00:00,11371.439624656774
2024-07-22 00:00:00+00:00,11343.789170441392
2024-07-23 00:00:00+00:00,11274.109659084363
2024-07-24 00:00:00+00:00,11249.660271142602
2024-07-25 00:00:00+00:00,11268.169437082335
2024-07-26 00:00:00+00:00,11360.204021744663
2024-07-27 00:00:00+00:00,11359.7023816535
2024-07-28 00:00:00+00:00,11375.130543134295
2024-07-29 00:00:00+00:00,11311.162044860355
2024-07-30 00:00:00+00:00,11285.11125060495
2024-07-31 00:00:00+00:00,11217.003457549206
2024-08-01 00:00:00+00:00,11144.940808649346
2024-08-02 00:00:00+00:00,11144.940808649346
2024-08-03 00:00:00+00:00,11144.940808649346
2024-08-04 00:00:00+00:00,11144.940808649346
2024-08-05 00:00:00+00:00,11144.940808649346
2024-08-06 00:00:00+00:00,11144.940808649346
2024-08-07 00:00:00+00:00,11144.940808649346
2024-08-08 00:00:00+00:00,11144.940808649346
2024-08-09 00:00:00+00:00,11144.940808649346
2024-08-10 00:00:00+00:00,11144.940808649346
2024-08-11 00:00:00+00:00,11144.940808649346
2024-08-12 00:00:00+00:00,11144.940808649346
2024-08-13 00:00:00+00:00,11144.940808649346
2024-08-14 00:00:00+00:00,11144.940808649346
2024-08-15 00:00:00+00:00,11144.940808649346
2024-08-16 00:00:00+00:00,11144.940808649346
2024-08-17 00:00:00+00:00,11144.940808649346
2024-08-18 00:00:00+00:00,11144.940808649346
2024-08-19 00:00:00+00:00,11144.940808649346
2024-08-20 00:00:00+00:00,11144.940808649346
2024-08-21 00:00:00+00:00,11144.940808649346
2024-08-22 00:00:00+00:00,11144.940808649346
2024-08-23 00:00:00+00:00,11144.940808649346
2024-08-24 00:00:00+00:00,11144.940808649346
2024-08-25 00:00:00+00:00,11143.495904315443
2024-08-26 00:00:00+00:00,11083.334255689153
2024-08-27 00:00:00+00:00,10915.412034363406
2024-08-28 00:00:00+00:00,10915.412034363406
2024-08-29 00:00:00+00:00,10915.412034363406
2024-08-30 00:00:00+00:00,10915.412034363406
2024-08-31 00:00:00+00:00,10915.412034363406
2024-09-01 00:00:00+00:00,10915.412034363406
2024-09-02 00:00:00+00:00,10915.412034363406
2024-09-03 00:00:00+00:00,10915.412034363406
2024-09-04 00:00:00+00:00,10915.412034363406
2024-09-05 00:00:00+00:00,10915.412034363406
2024-09-06 00:00:00+00:00,10915.412034363406
2024-09-07 00:00:00+00:00,10915.412034363406
2024-09-08 00:00:00+00:00,10915.412034363406
2024-09-09 00:00:00+00:00,10915.412034363406
2024-09-10 00:00:00+00:00,10915.412034363406
2024-09-11 00:00:00+00:00,10915.412034363406
2024-09-12 00:00:00+00:00,10915.412034363406
2024-09-13 00:00:00+00:00,10915.412034363406
2024-09-14 00:00:00+00:00,10915.412034363406
2024-09-15 00:00:00+00:00,10915.412034363406
2024-09-16 00:00:00+00:00,10915.412034363406
2024-09-17 00:00:00+00:00,10915.412034363406
2024-09-18 00:00:00+00:00,10976.709729682801
2024-09-19 00:00:00+00:00,11030.43287493622
2024-09-20 00:00:00+00:00,11041.87662841924
2024-09-21 00:00:00+00:00,11048.565340889301
2024-09-22 00:00:00+00:00,11058.957242218625
2024-09-23 00:00:00+00:00,11048.159704009737
2024-09-24 00:00:00+00:00,11089.88603680164
2024-09-25 00:00:00+00:00,11039.658965924942
2024-09-26 00:00:00+00:00,11131.095940032268
2024-09-27 00:00:00+00:00,11158.046146804343
2024-09-28 00:00:00+00:00,11162.027900120474
2024-09-29 00:00:00+00:00,11150.451647634429
2024-09-30 00:00:00+00:00,11047.59895737578
2024-10-01 00:00:00+00:00,10933.558919554634
2024-10-02 00:00:00+00:00,10926.48175437605
2024-10-03 00:00:00+00:00,10886.19742786471
2024-10-04 00:00:00+00:00,10886.19742786471
2024-10-05 00:00:00+00:00,10886.19742786471
2024-10-06 00:00:00+00:00,10886.19742786471
2024-10-07 00:00:00+00:00,10886.19742786471
2024-10-08 00:00:00+00:00,10886.19742786471
2024-10-09 00:00:00+00:00,10886.19742786471
2024-10-10 00:00:00+00:00,10886.19742786471
2024-10-11 00:00:00+00:00,10886.19742786471
2024-10-12 00:00:00+00:00,10911.093589793167
2024-10-13 00:00:00+00:00,10896.470504148334
2024-10-14 00:00:00+00:00,11036.262766402722
2024-10-15 00:00:00+00:00,11079.329536929885
2024-10-16 00:00:00+00:00,11103.072260787545
2024-10-17 00:00:00+00:00,11094.450207642467
2024-10-18 00:00:00+00:00,11138.21594600518
2024-10-19 00:00:00+00:00,11136.041186093695
2024-10-20 00:00:00+00:00,11164.486610783952
2024-10-21 00:00:00+00:00,11092.524240264855
2024-10-22 00:00:00+00:00,11094.633757378995
2024-10-23 00:00:00+00:00,11061.692668999713
2024-10-24 00:00:00+00:00,11128.224229067848
2024-10-25 00:00:00+00:00,11062.983606483172
2024-10-26 00:00:00+00:00,11080.139417520923
2024-10-27 00:00:00+00:00,11120.543846964443
2024-10-28 00:00:00+00:00,11204.946714081207
2024-10-29 00:00:00+00:00,11325.611527962092
2024-10-30 00:00:00+00:00,11308.575328719473
2024-10-31 00:00:00+00:00,11219.29143045737
2024-11-01 00:00:00+00:00,11184.669252666508
2024-11-02 00:00:00+00:00,11179.39458997719
2024-11-03 00:00:00+00:00,11153.351840037143
2024-11-04 00:00:00+00:00,11113.07615638038
2024-11-05 00:00:00+00:00,11179.275848086023
2024-11-06 00:00:00+00:00,11448.945207206352
2024-11-07 00:00:00+00:00,11461.38048438023
2024-11-08 00:00:00+00:00,11489.734569154207
2024-11-09 00:00:00+00:00,11497.027843993366
2024-11-10 00:00:00+00:00,11558.762013673326
2024-11-11 00:00:00+00:00,11558.762013673326
2024-11-12 00:00:00+00:00,11558.762013673326
2024-11-13 00:00:00+00:00,11558.762013673326
2024-11-14 00:00:00+00:00,11558.762013673326
2024-11-15 00:00:00+00:00,11558.762013673326
2024-11-16 00:00:00+00:00,11558.762013673326
2024-11-17 00:00:00+00:00,11558.762013673326
2024-11-18 00:00:00+00:00,11558.762013673326
2024-11-19 00:00:00+00:00,11558.762013673326
2024-11-20 00:00:00+00:00,11558.762013673326
2024-11-21 00:00:00+00:00,11558.762013673326
2024-11-22 00:00:00+00:00,11558.762013673326
2024-11-23 00:00:00+00:00,11558.762013673326
2024-11-24 00:00:00+00:00,11558.762013673326
2024-11-25 00:00:00+00:00,11558.762013673326
2024-11-26 00:00:00+00:00,11558.762013673326
2024-11-27 00:00:00+00:00,11558.762013673326
2024-11-28 00:00:00+00:00,11558.762013673326
2024-11-29 00:00:00+00:00,11558.762013673326
2024-11-30 00:00:00+00:00,11558.762013673326
2024-12-01 00:00:00+00:00,11558.762013673326
2024-12-02 00:00:00+00:00,11558.762013673326
2024-12-03 00:00:00+00:00,11558.762013673326
2024-12-04 00:00:00+00:00,11558.762013673326
2024-12-05 00:00:00+00:00,11558.762013673326
2024-12-06 00:00:00+00:00,11558.762013673326
2024-12-07 00:00:00+00:00,11558.762013673326
2024-12-08 00:00:00+00:00,11558.762013673326
2024-12-09 00:00:00+00:00,11558.762013673326
2024-12-10 00:00:00+00:00,11558.762013673326
2024-12-11 00:00:00+00:00,11558.762013673326
2024-12-12 00:00:00+00:00,11558.762013673326
2024-12-13 00:00:00+00:00,11558.762013673326
2024-12-14 00:00:00+00:00,11558.762013673326
2024-12-15 00:00:00+00:00,11558.762013673326
2024-12-16 00:00:00+00:00,11558.762013673326
2024-12-17 00:00:00+00:00,11558.762013673326
2024-12-18 00:00:00+00:00,11558.762013673326
2024-12-19 00:00:00+00:00,11558.762013673326
2024-12-20 00:00:00+00:00,11558.762013673326
2024-12-21 00:00:00+00:00,11558.762013673326
2024-12-22 00:00:00+00:00,11558.762013673326
2024-12-23 00:00:00+00:00,11558.762013673326
2024-12-24 00:00:00+00:00,11558.762013673326
2024-12-25 00:00:00+00:00,11558.762013673326
2024-12-26 00:00:00+00:00,11558.762013673326
2024-12-27 00:00:00+00:00,11558.762013673326
2024-12-28 00:00:00+00:00,11558.762013673326
2024-12-29 00:00:00+00:00,11558.762013673326
2024-12-30 00:00:00+00:00,11558.762013673326
2024-12-31 00:00:00+00:00,11558.762013673326
2025-01-01 00:00:00+00:00,11558.762013673326
2025-01-02 00:00:00+00:00,11558.762013673326
2025-01-03 00:00:00+00:00,11558.762013673326
2025-01-04 00:00:00+00:00,11558.762013673326
2025-01-05 00:00:00+00:00,11558.762013673326
2025-01-06 00:00:00+00:00,11668.121273076438
2025-01-07 00:00:00+00:00,11513.055794577618
2025-01-08 00:00:00+00:00,11457.442355378384
2025-01-09 00:00:00+00:00,11376.773514772964
2025-01-10 00:00:00+00:00,11376.773514772964
2025-01-11 00:00:00+00:00,11376.773514772964
2025-01-12 00:00:00+00:00,11376.773514772964
2025-01-13 00:00:00+00:00,11376.773514772964
2025-01-14 00:00:00+00:00,11376.773514772964
2025-01-15 00:00:00+00:00,11376.773514772964
2025-01-16 00:00:00+00:00,11358.080133521804
2025-01-17 00:00:00+00:00,11473.779195726816
2025-01-18 00:00:00+00:00,11487.321613427419
2025-01-19 00:00:00+00:00,11396.105545203034
2025-01-20 00:00:00+00:00,11422.368359385691
2025-01-21 00:00:00+00:00,11532.229826309507
2025-01-22 00:00:00+00:00,11463.289797644858
2025-01-23 00:00:00+00:00,11469.051300803623
2025-01-24 00:00:00+00:00,11496.211379716231
2025-01-25 00:00:00+00:00,11492.713687917421
2025-01-26 00:00:00+00:00,11432.551408885513
2025-01-27 00:00:00+00:00,11315.480015764955
2025-01-28 00:00:00+00:00,11315.480015764955
2025-01-29 00:00:00+00:00,11315.480015764955
2025-01-30 00:00:00+00:00,11315.480015764955
2025-01-31 00:00:00+00:00,11315.480015764955
2025-02-01 00:00:00+00:00,11315.480015764955
2025-02-02 00:00:00+00:00,11315.480015764955
2025-02-03 00:00:00+00:00,11315.480015764955
2025-02-04 00:00:00+00:00,11315.480015764955
2025-02-05 00:00:00+00:00,11315.480015764955
2025-02-06 00:00:00+00:00,11315.480015764955
2025-02-07 00:00:00+00:00,11315.480015764955
2025-02-08 00:00:00+00:00,11315.480015764955
2025-02-09 00:00:00+00:00,11315.480015764955
2025-02-10 00:00:00+00:00,11315.480015764955
2025-02-11 00:00:00+00:00,11315.480015764955
2025-02-12 00:00:00+00:00,11315.480015764955
2025-02-13 00:00:00+00:00,11315.480015764955
2025-02-14 00:00:00+00:00,11315.480015764955
2025-02-15 00:00:00+00:00,11315.480015764955
2025-02-16 00:00:00+00:00,11315.480015764955
2025-02-17 00:00:00+00:00,11315.480015764955
2025-02-18 00:00:00+00:00,11315.480015764955
2025-02-19 00:00:00+00:00,11315.480015764955
2025-02-20 00:00:00+00:00,11315.480015764955
2025-02-21 00:00:00+00:00,11315.480015764955
2025-02-22 00:00:00+00:00,11315.480015764955
2025-02-23 00:00:00+00:00,11315.480015764955
2025-02-24 00:00:00+00:00,11315.480015764955
2025-02-25 00:00:00+00:00,11315.480015764955
2025-02-26 00:00:00+00:00,11315.480015764955
2025-02-27 00:00:00+00:00,11315.480015764955
2025-02-28 00:00:00+00:00,11315.480015764955
2025-03-01 00:00:00+00:00,11315.480015764955
2025-03-02 00:00:00+00:00,11315.480015764955
2025-03-03 00:00:00+00:00,11315.480015764955
2025-03-04 00:00:00+00:00,11315.480015764955
2025-03-05 00:00:00+00:00,11315.480015764955
2025-03-06 00:00:00+00:00,11315.480015764955
2025-03-07 00:00:00+00:00,11315.480015764955
2025-03-08 00:00:00+00:00,11315.480015764955
2025-03-09 00:00:00+00:00,11315.480015764955
2025-03-10 00:00:00+00:00,11315.480015764955
2025-03-11 00:00:00+00:00,11315.480015764955
2025-03-12 00:00:00+00:00,11315.480015764955
2025-03-13 00:00:00+00:00,11315.480015764955
2025-03-14 00:00:00+00:00,11315.480015764955
2025-03-15 00:00:00+00:00,11315.480015764955
2025-03-16 00:00:00+00:00,11315.480015764955
2025-03-17 00:00:00+00:00,11315.480015764955
2025-03-18 00:00:00+00:00,11315.480015764955
2025-03-19 00:00:00+00:00,11315.480015764955
2025-03-20 00:00:00+00:00,11315.480015764955
2025-03-21 00:00:00+00:00,11315.480015764955
2025-03-22 00:00:00+00:00,11315.480015764955
2025-03-23 00:00:00+00:00,11315.480015764955
2025-03-24 00:00:00+00:00,11315.480015764955
2025-03-25 00:00:00+00:00,11315.480015764955
2025-03-26 00:00:00+00:00,11315.480015764955
2025-03-27 00:00:00+00:00,11315.480015764955
2025-03-28 00:00:00+00:00,11315.480015764955
2025-03-29 00:00:00+00:00,11315.480015764955
2025-03-30 00:00:00+00:00,11315.480015764955
2025-03-31 00:00:00+00:00,11315.480015764955
2025-04-01 00:00:00+00:00,11315.480015764955
2025-04-02 00:00:00+00:00,11315.480015764955
2025-04-03 00:00:00+00:00,11315.480015764955
2025-04-04 00:00:00+00:00,11315.480015764955
2025-04-05 00:00:00+00:00,11315.480015764955
2025-04-06 00:00:00+00:00,11315.480015764955
2025-04-07 00:00:00+00:00,11315.480015764955
2025-04-08 00:00:00+00:00,11315.480015764955
2025-04-09 00:00:00+00:00,11315.480015764955
2025-04-10 00:00:00+00:00,11315.480015764955
2025-04-11 00:00:00+00:00,11315.480015764955
2025-04-12 00:00:00+00:00,11315.480015764955
2025-04-13 00:00:00+00:00,11315.480015764955
2025-04-14 00:00:00+00:00,11315.480015764955
2025-04-15 00:00:00+00:00,11315.480015764955
2025-04-16 00:00:00+00:00,11315.480015764955
2025-04-17 00:00:00+00:00,11315.480015764955
2025-04-18 00:00:00+00:00,11315.480015764955
2025-04-19 00:00:00+00:00,11331.397361245039
2025-04-20 00:00:00+00:00,11334.819105922146
2025-04-21 00:00:00+00:00,11413.040597587576
2025-04-22 00:00:00+00:00,11611.415433570186
2025-04-23 00:00:00+00:00,11619.719264509677
2025-04-24 00:00:00+00:00,11629.405449505357
2025-04-25 00:00:00+00:00,11651.43642440431
2025-04-26 00:00:00+00:00,11651.078953670167
2025-04-27 00:00:00+00:00,11621.667948605354
2025-04-28 00:00:00+00:00,11663.904387744064
2025-04-29 00:00:00+00:00,11638.655172106543
2025-04-30 00:00:00+00:00,11635.816158279755
2025-05-01 00:00:00+00:00,11713.399022453848
2025-05-02 00:00:00+00:00,11726.694724675193
2025-05-03 00:00:00+00:00,11692.19545172606
2025-05-04 00:00:00+00:00,11639.351369791017
2025-05-05 00:00:00+00:00,11654.616173443977
2025-05-06 00:00:00+00:00,11724.916742896381
2025-05-07 00:00:00+00:00,11731.493133331265
2025-05-08 00:00:00+00:00,11940.054546395275
2025-05-09 00:00:00+00:00,11930.360997770236
2025-05-10 00:00:00+00:00,11991.86537724764
2025-05-11 00:00:00+00:00,11968.719147211827
2025-05-12 00:00:00+00:00,12014.566283532688
2025-05-13 00:00:00+00:00,12014.566283532688
2025-05-14 00:00:00+00:00,12014.566283532688
2025-05-15 00:00:00+00:00,12014.566283532688
2025-05-16 00:00:00+00:00,12014.566283532688
2025-05-17 00:00:00+00:00,12014.566283532688
2025-05-18 00:00:00+00:00,12014.566283532688
2025-05-19 00:00:00+00:00,12014.566283532688
2025-05-20 00:00:00+00:00,12014.566283532688
2025-05-21 00:00:00+00:00,12014.566283532688
2025-05-22 00:00:00+00:00,12014.566283532688
2025-05-23 00:00:00+00:00,12014.566283532688
2025-05-24 00:00:00+00:00,12014.566283532688
2025-05-25 00:00:00+00:00,12014.566283532688
2025-05-26 00:00:00+00:00,12014.566283532688
2025-05-27 00:00:00+00:00,12014.566283532688
2025-05-28 00:00:00+00:00,12014.566283532688
2025-05-29 00:00:00+00:00,12014.566283532688
2025-05-30 00:00:00+00:00,12014.566283532688
2025-05-31 00:00:00+00:00,12014.566283532688
2025-06-01 00:00:00+00:00,12014.566283532688
2025-06-02 00:00:00+00:00,12014.566283532688
2025-06-03 00:00:00+00:00,12014.566283532688
2025-06-04 00:00:00+00:00,12014.566283532688
2025-06-05 00:00:00+00:00,12014.566283532688
2025-06-06 00:00:00+00:00,12014.566283532688
2025-06-07 00:00:00+00:00,12014.566283532688
2025-06-08 00:00:00+00:00,12014.566283532688
2025-06-09 00:00:00+00:00,12014.566283532688
2025-06-10 00:00:00+00:00,12014.566283532688
2025-06-11 00:00:00+00:00,12014.566283532688
2025-06-12 00:00:00+00:00,12014.566283532688
2025-06-13 00:00:00+00:00,12014.566283532688
2025-06-14 00:00:00+00:00,12014.566283532688
2025-06-15 00:00:00+00:00,12014.566283532688
2025-06-16 00:00:00+00:00,12014.566283532688
2025-06-17 00:00:00+00:00,12014.566283532688
2025-06-18 00:00:00+00:00,12014.566283532688
2025-06-19 00:00:00+00:00,12014.566283532688
2025-06-20 00:00:00+00:00,12014.566283532688
2025-06-21 00:00:00+00:00,12014.566283532688
2025-06-22 00:00:00+00:00,12014.566283532688
2025-06-23 00:00:00+00:00,12014.566283532688
2025-06-24 00:00:00+00:00,12014.566283532688
2025-06-25 00:00:00+00:00,12014.566283532688
2025-06-26 00:00:00+00:00,12014.566283532688
2025-06-27 00:00:00+00:00,12012.883577146033
2025-06-28 00:00:00+00:00,12019.878939269664
2025-06-29 00:00:00+00:00,12049.638422422739
2025-06-30 00:00:00+00:00,12015.660107112519
2025-07-01 00:00:00+00:00,11974.525581263868
2025-07-02 00:00:00+00:00,12063.4682982552
2025-07-03 00:00:00+00:00,12084.105739370976
2025-07-04 00:00:00+00:00,12039.176538354295
2025-07-05 00:00:00+00:00,12045.180422989137
2025-07-06 00:00:00+00:00,12073.41226727075
2025-07-07 00:00:00+00:00,12047.000003137025
2025-07-08 00:00:00+00:00,12065.52816853061
2025-07-09 00:00:00+00:00,12130.401169418783
2025-07-10 00:00:00+00:00,12264.469867075619
2025-07-11 00:00:00+00:00,12307.072520689384
2025-07-12 00:00:00+00:00,12304.050367052827
2025-07-13 00:00:00+00:00,12350.835079451415
2025-07-14 00:00:00+00:00,12372.015980481772
2025-07-15 00:00:00+00:00,12313.540984951616
2025-07-16 00:00:00+00:00,12338.028682363047
2025-07-17 00:00:00+00:00,12353.38731991803
2025-07-18 00:00:00+00:00,12318.22187032126
2025-07-19 00:00:00+00:00,12315.84030321625
2025-07-20 00:00:00+00:00,12299.70268773618
2025-07-21 00:00:00+00:00,12302.937621649213
2025-07-22 00:00:00+00:00,12375.194771841643
2025-07-23 00:00:00+00:00,12341.553311850379
2025-07-24 00:00:00+00:00,12329.903732069854
2025-07-25 00:00:00+00:00,12309.504896805005
2025-07-26 00:00:00+00:00,12318.085724629851
2025-07-27 00:00:00+00:00,12360.068003031207
2025-07-28 00:00:00+00:00,12322.081109425422
2025-07-29 00:00:00+00:00,12318.949477810203
2025-07-30 00:00:00+00:00,12315.848724599224
2025-07-31 00:00:00+00:00,12257.56657873917
2025-08-01 00:00:00+00:00,12188.33860000244
2025-08-02 00:00:00+00:00,12167.24078995076
2025-08-03 00:00:00+00:00,12213.907883700482
2025-08-04 00:00:00+00:00,12237.66264008042
2025-08-05 00:00:00+00:00,12211.688849286866
2025-08-06 00:00:00+00:00,12206.884799503443
2025-08-07 00:00:00+00:00,12206.884799503443
2025-08-08 00:00:00+00:00,12181.606366812593
2025-08-09 00:00:00+00:00,12176.089000467171
2025-08-10 00:00:00+00:00,12249.616495042508
2025-08-11 00:00:00+00:00,12233.829333709362
2025-08-12 00:00:00+00:00,12271.429163618906
2025-08-13 00:00:00+00:00,12353.800179318001
2025-08-14 00:00:00+00:00,12223.67923874918
2025-08-15 00:00:00+00:00,12198.933270365533
2025-08-16 00:00:00+00:00,12199.93579055282
2025-08-17 00:00:00+00:00,12200.56804557899
2025-08-18 00:00:00+00:00,12169.981962185637
2025-08-19 00:00:00+00:00,12082.891493773737
2025-08-20 00:00:00+00:00,12078.497049004163
2025-08-21 00:00:00+00:00,12078.497049004163
2025-08-22 00:00:00+00:00,12078.497049004163
2025-08-23 00:00:00+00:00,12078.497049004163
2025-08-24 00:00:00+00:00,12078.497049004163
2025-08-25 00:00:00+00:00,12078.497049004163
2025-08-26 00:00:00+00:00,12078.497049004163
2025-08-27 00:00:00+00:00,12078.497049004163
2025-08-28 00:00:00+00:00,12078.497049004163
2025-08-29 00:00:00+00:00,12078.497049004163
2025-08-30 00:00:00+00:00,12078.497049004163
2025-08-31 00:00:00+00:00,12078.497049004163
2025-09-01 00:00:00+00:00,12078.497049004163
2025-09-02 00:00:00+00:00,12078.497049004163
2025-09-03 00:00:00+00:00,12078.497049004163
2025-09-04 00:00:00+00:00,12078.497049004163
2025-09-05 00:00:00+00:00,12078.497049004163
2025-09-06 00:00:00+00:00,12078.497049004163
2025-09-07 00:00:00+00:00,12078.497049004163
2025-09-08 00:00:00+00:00,12078.497049004163
2025-09-09 00:00:00+00:00,12078.497049004163
2025-09-10 00:00:00+00:00,12078.497049004163
2025-09-11 00:00:00+00:00,12078.497049004163
2025-09-12 00:00:00+00:00,12078.497049004163
2025-09-13 00:00:00+00:00,12071.077953738877
2025-09-14 00:00:00+00:00,12054.163104690873
2025-09-15 00:00:00+00:00,12056.28825565234
2025-09-16 00:00:00+00:00,12093.725508054904
2025-09-17 00:00:00+00:00,12084.845914618973
2025-09-18 00:00:00+00:00,12101.127640357283
2025-09-19 00:00:00+00:00,12063.640965839335
2025-09-20 00:00:00+00:00,12065.02608565204
2025-09-21 00:00:00+00:00,12053.233968921675
2025-09-22 00:00:00+00:00,11986.09012342802
2025-09-23 00:00:00+00:00,11969.125592148237
2025-09-24 00:00:00+00:00,12003.154019171365
2025-09-25 00:00:00+00:00,11890.978562955568
2025-09-26 00:00:00+00:00,11886.727292417572
2025-09-27 00:00:00+00:00,11886.727292417572
2025-09-28 00:00:00+00:00,11886.727292417572
2025-09-29 00:00:00+00:00,11886.727292417572
2025-09-30 00:00:00+00:00,11886.727292417572
2025-10-01 00:00:00+00:00,11886.727292417572
2025-10-02 00:00:00+00:00,11930.71631703778
2025-10-03 00:00:00+00:00,11973.358973809218
2025-10-04 00:00:00+00:00,11977.341108967154
2025-10-05 00:00:00+00:00,12004.672831729456
2025-10-06 00:00:00+00:00,12034.13136529435
2025-10-07 00:00:00+00:00,11950.842378754238
2025-10-08 00:00:00+00:00,12000.257169781686
2025-10-09 00:00:00+00:00,11959.09341289123
2025-10-10 00:00:00+00:00,11641.921510803872
2025-10-11 00:00:00+00:00,11641.921510803872
2025-10-12 00:00:00+00:00,11641.921510803872
2025-10-13 00:00:00+00:00,11641.921510803872
2025-10-14 00:00:00+00:00,11641.921510803872
2025-10-15 00:00:00+00:00,11641.921510803872
2025-10-16 00:00:00+00:00,11641.921510803872
2025-10-17 00:00:00+00:00,11641.921510803872
2025-10-18 00:00:00+00:00,11641.921510803872
2025-10-19 00:00:00+00:00,11641.921510803872
2025-10-20 00:00:00+00:00,11641.921510803872
2025-10-21 00:00:00+00:00,11641.921510803872
2025-10-22 00:00:00+00:00,11641.921510803872
2025-10-23 00:00:00+00:00,11641.921510803872
2025-10-24 00:00:00+00:00,11641.921510803872
2025-10-25 00:00:00+00:00,11641.921510803872
2025-10-26 00:00:00+00:00,11641.921510803872
2025-10-27 00:00:00+00:00,11641.921510803872
2025-10-28 00:00:00+00:00,11641.921510803872
2025-10-29 00:00:00+00:00,11641.921510803872
2025-10-30 00:00:00+00:00,11641.921510803872
2025-10-31 00:00:00+00:00,11641.921510803872
2025-11-01 00:00:00+00:00,11641.921510803872
2025-11-02 00:00:00+00:00,11641.921510803872
2025-11-03 00:00:00+00:00,11641.921510803872
2025-11-04 00:00:00+00:00,11641.921510803872
2025-11-05 00:00:00+00:00,11641.921510803872
2025-11-06 00:00:00+00:00,11641.921510803872
2025-11-07 00:00:00+00:00,11641.921510803872
2025-11-08 00:00:00+00:00,11641.921510803872
2025-11-09 00:00:00+00:00,11641.921510803872
2025-11-10 00:00:00+00:00,11641.921510803872
2025-11-11 00:00:00+00:00,11641.921510803872
2025-11-12 00:00:00+00:00,11641.921510803872
2025-11-13 00:00:00+00:00,11641.921510803872
2025-11-14 00:00:00+00:00,11641.921510803872
2025-11-15 00:00:00+00:00,11641.921510803872
2025-11-16 00:00:00+00:00,11641.921510803872
2025-11-17 00:00:00+00:00,11641.921510803872
2025-11-18 00:00:00+00:00,11641.921510803872
2025-11-19 00:00:00+00:00,11641.921510803872
2025-11-20 00:00:00+00:00,11641.921510803872
2025-11-21 00:00:00+00:00,11641.921510803872
2025-11-22 00:00:00+00:00,11641.921510803872
2025-11-23 00:00:00+00:00,11641.921510803872
2025-11-24 00:00:00+00:00,11641.921510803872
2025-11-25 00:00:00+00:00,11641.921510803872
2025-11-26 00:00:00+00:00,11641.921510803872
2025-11-27 00:00:00+00:00,11641.921510803872
2025-11-28 00:00:00+00:00,11641.921510803872
2025-11-29 00:00:00+00:00,11641.921510803872
2025-11-30 00:00:00+00:00,11641.921510803872
2025-12-01 00:00:00+00:00,11641.921510803872
2025-12-02 00:00:00+00:00,11641.921510803872
2025-12-03 00:00:00+00:00,11641.921510803872
2025-12-04 00:00:00+00:00,11641.921510803872
2025-12-05 00:00:00+00:00,11641.921510803872
2025-12-06 00:00:00+00:00,11641.921510803872
2025-12-07 00:00:00+00:00,11641.921510803872
2025-12-08 00:00:00+00:00,11641.921510803872
2025-12-09 00:00:00+00:00,11641.921510803872
2025-12-10 00:00:00+00:00,11641.921510803872
2025-12-11 00:00:00+00:00,11641.921510803872
2025-12-12 00:00:00+00:00,11641.921510803872
2025-12-13 00:00:00+00:00,11641.921510803872
2025-12-14 00:00:00+00:00,11641.921510803872
2025-12-15 00:00:00+00:00,11641.921510803872
2025-12-16 00:00:00+00:00,11641.921510803872
2025-12-17 00:00:00+00:00,11641.921510803872
2025-12-18 00:00:00+00:00,11641.921510803872
2025-12-19 00:00:00+00:00,11641.921510803872
2025-12-20 00:00:00+00:00,11641.921510803872
2025-12-21 00:00:00+00:00,11641.921510803872
2025-12-22 00:00:00+00:00,11641.921510803872
2025-12-23 00:00:00+00:00,11641.921510803872
2025-12-24 00:00:00+00:00,11641.921510803872
2025-12-25 00:00:00+00:00,11641.921510803872
2025-12-26 00:00:00+00:00,11641.921510803872
2025-12-27 00:00:00+00:00,11641.921510803872
2025-12-28 00:00:00+00:00,11641.921510803872
2025-12-29 00:00:00+00:00,11641.921510803872
2025-12-30 00:00:00+00:00,11641.921510803872
2025-12-31 00:00:00+00:00,11641.921510803872
2026-01-01 00:00:00+00:00,11641.921510803872
2026-01-02 00:00:00+00:00,11641.921510803872
2026-01-03 00:00:00+00:00,11641.921510803872
2026-01-04 00:00:00+00:00,11641.921510803872
2026-01-05 00:00:00+00:00,11711.608328349306
2026-01-06 00:00:00+00:00,11708.056973891955
2026-01-07 00:00:00+00:00,11632.294003881398
2026-01-08 00:00:00+00:00,11623.898073086708
2026-01-09 00:00:00+00:00,11609.31921320545
2026-01-10 00:00:00+00:00,11604.978386359333
2026-01-11 00:00:00+00:00,11621.1539891074
2026-01-12 00:00:00+00:00,11630.134078618094
2026-01-13 00:00:00+00:00,11761.007242968217
2026-01-14 00:00:00+00:00,11809.881431776399
2026-01-15 00:00:00+00:00,11767.07130624424
2026-01-16 00:00:00+00:00,11765.359511443155
2026-01-17 00:00:00+00:00,11752.54584063082
2026-01-18 00:00:00+00:00,11705.67870421195
2026-01-19 00:00:00+00:00,11672.55709570842
2026-01-20 00:00:00+00:00,11525.36966256903
2026-01-21 00:00:00+00:00,11525.36966256903
2026-01-22 00:00:00+00:00,11525.36966256903
2026-01-23 00:00:00+00:00,11525.36966256903
2026-01-24 00:00:00+00:00,11525.36966256903
2026-01-25 00:00:00+00:00,11525.36966256903
2026-01-26 00:00:00+00:00,11525.36966256903
2026-01-27 00:00:00+00:00,11525.36966256903
2026-01-28 00:00:00+00:00,11525.36966256903
2026-01-29 00:00:00+00:00,11525.36966256903
2026-01-30 00:00:00+00:00,11525.36966256903
2026-01-31 00:00:00+00:00,11525.36966256903
2026-02-01 00:00:00+00:00,11525.36966256903
2026-02-02 00:00:00+00:00,11525.36966256903
2026-02-03 00:00:00+00:00,11525.36966256903
2026-02-04 00:00:00+00:00,11525.36966256903
2026-02-05 00:00:00+00:00,11525.36966256903
2026-02-06 00:00:00+00:00,11525.36966256903
2026-02-07 00:00:00+00:00,11525.36966256903
2026-02-08 00:00:00+00:00,11525.36966256903
2026-02-09 00:00:00+00:00,11525.36966256903
2026-02-10 00:00:00+00:00,11525.36966256903
2026-02-11 00:00:00+00:00,11525.36966256903
2026-02-12 00:00:00+00:00,11525.36966256903
2026-02-13 00:00:00+00:00,11525.36966256903
2026-02-14 00:00:00+00:00,11525.36966256903
2026-02-15 00:00:00+00:00,11525.36966256903
2026-02-16 00:00:00+00:00,11525.36966256903
2026-02-17 00:00:00+00:00,11525.36966256903
2026-02-18 00:00:00+00:00,11525.36966256903
2026-02-19 00:00:00+00:00,11525.36966256903
2026-02-20 00:00:00+00:00,11525.36966256903
2026-02-21 00:00:00+00:00,11525.36966256903
2026-02-22 00:00:00+00:00,11525.36966256903
2026-02-23 00:00:00+00:00,11525.36966256903
2026-02-24 00:00:00+00:00,11525.36966256903
2026-02-25 00:00:00+00:00,11525.36966256903
2026-02-26 00:00:00+00:00,11525.36966256903
2026-02-27 00:00:00+00:00,11525.36966256903
2026-02-28 00:00:00+00:00,11525.36966256903
2026-03-01 00:00:00+00:00,11525.36966256903
2026-03-02 00:00:00+00:00,11525.36966256903
2026-03-03 00:00:00+00:00,11525.36966256903
2026-03-04 00:00:00+00:00,11525.36966256903
2026-03-05 00:00:00+00:00,11525.36966256903
2026-03-06 00:00:00+00:00,11525.36966256903
2026-03-07 00:00:00+00:00,11525.36966256903
2026-03-08 00:00:00+00:00,11525.36966256903
2026-03-09 00:00:00+00:00,11525.36966256903
2026-03-10 00:00:00+00:00,11525.36966256903
2026-03-11 00:00:00+00:00,11525.36966256903
2026-03-12 00:00:00+00:00,11525.36966256903
2026-03-13 00:00:00+00:00,11525.36966256903
2026-03-14 00:00:00+00:00,11525.36966256903
2026-03-15 00:00:00+00:00,11585.88746997324
2026-03-16 00:00:00+00:00,11669.577869645262
2026-03-17 00:00:00+00:00,11630.135084093628
2026-03-18 00:00:00+00:00,11522.447232823153
2026-03-19 00:00:00+00:00,11469.204669033026
2026-03-20 00:00:00+00:00,11492.690134016879
2026-03-21 00:00:00+00:00,11428.282945843488
2026-03-22 00:00:00+00:00,11403.181617133288
2026-03-23 00:00:00+00:00,11403.181617133288
2026-03-24 00:00:00+00:00,11384.853064552877
2026-03-25 00:00:00+00:00,11416.188870997983
2026-03-26 00:00:00+00:00,11315.074746819286
2026-03-27 00:00:00+00:00,11310.92782059489
2026-03-28 00:00:00+00:00,11310.92782059489
2026-03-29 00:00:00+00:00,11310.92782059489
2026-03-30 00:00:00+00:00,11310.92782059489
2026-03-31 00:00:00+00:00,11310.92782059489
2026-04-01 00:00:00+00:00,11310.92782059489
2026-04-02 00:00:00+00:00,11310.92782059489
2026-04-03 00:00:00+00:00,11310.92782059489
2026-04-04 00:00:00+00:00,11310.92782059489
2026-04-05 00:00:00+00:00,11310.92782059489
2026-04-06 00:00:00+00:00,11310.92782059489
2026-04-07 00:00:00+00:00,11310.92782059489
2026-04-08 00:00:00+00:00,11310.92782059489
2026-04-09 00:00:00+00:00,11335.242043171216
2026-04-10 00:00:00+00:00,11381.95886812
2026-04-11 00:00:00+00:00,11385.158612516909
2026-04-12 00:00:00+00:00,11293.605200191869
2026-04-13 00:00:00+00:00,11439.833041912887
2026-04-14 00:00:00+00:00,11428.441856416364
2026-04-15 00:00:00+00:00,11455.422152074305
2026-04-16 00:00:00+00:00,11469.114322045163
2026-04-17 00:00:00+00:00,11545.37807828918
2026-04-18 00:00:00+00:00,11490.488503265718
2026-04-19 00:00:00+00:00,11415.327915174452
2026-04-20 00:00:00+00:00,11496.4223071616
2026-04-21 00:00:00+00:00,11516.114693819078
2026-04-22 00:00:00+00:00,11589.370785773533
2026-04-23 00:00:00+00:00,11592.522410723259
2026-04-24 00:00:00+00:00,11559.898618578056
2026-04-25 00:00:00+00:00,11567.369858695469
2026-04-26 00:00:00+00:00,11608.432449759686
2026-04-27 00:00:00+00:00,11557.281477405293
2026-04-28 00:00:00+00:00,11516.377958893743
2026-04-29 00:00:00+00:00,11493.997643777566
2026-04-30 00:00:00+00:00,11516.529077818777
2026-05-01 00:00:00+00:00,11591.474520282562
2026-05-02 00:00:00+00:00,11609.597656207976
2026-05-03 00:00:00+00:00,11604.893880825595
2026-05-04 00:00:00+00:00,11656.291813318005
2026-05-05 00:00:00+00:00,11697.830031314697
2026-05-06 00:00:00+00:00,11719.364080450685
2026-05-07 00:00:00+00:00,11662.057795670822
2026-05-08 00:00:00+00:00,11669.501198091517
2026-05-09 00:00:00+00:00,11688.797891774235
2026-05-10 00:00:00+00:00,11749.709555960308
2026-05-11 00:00:00+00:00,11731.240437232842
2026-05-12 00:00:00+00:00,11681.88101950287
2026-05-13 00:00:00+00:00,11634.522734485452
2026-05-14 00:00:00+00:00,11705.166059762343
2026-05-15 00:00:00+00:00,11626.553199596809
2026-05-16 00:00:00+00:00,11588.170583363657
2026-05-17 00:00:00+00:00,11560.715456136004
2026-05-18 00:00:00+00:00,11542.589138759537
2026-05-19 00:00:00+00:00,11535.927577935203
2026-05-20 00:00:00+00:00,11564.475931281064
2026-05-21 00:00:00+00:00,11566.992856745646
2026-05-22 00:00:00+00:00,11562.364462973126
2026-05-23 00:00:00+00:00,11562.364462973126
2026-05-24 00:00:00+00:00,11562.364462973126
2026-05-25 00:00:00+00:00,11562.364462973126
2026-05-26 00:00:00+00:00,11562.364462973126
2026-05-27 00:00:00+00:00,11562.364462973126
2026-05-28 00:00:00+00:00,11562.364462973126
2026-05-29 00:00:00+00:00,11562.364462973126
2026-05-30 00:00:00+00:00,11562.364462973126
2026-05-31 00:00:00+00:00,11562.364462973126
2026-06-01 00:00:00+00:00,11562.364462973126
2026-06-02 00:00:00+00:00,11562.364462973126
2026-06-03 00:00:00+00:00,11562.364462973126
2026-06-04 00:00:00+00:00,11562.364462973126
2026-06-05 00:00:00+00:00,11562.364462973126
2026-06-06 00:00:00+00:00,11562.364462973126
2026-06-07 00:00:00+00:00,11562.364462973126
2026-06-08 00:00:00+00:00,11562.364462973126
2026-06-09 00:00:00+00:00,11562.364462973126
2026-06-10 00:00:00+00:00,11562.364462973126
2026-06-11 00:00:00+00:00,11562.364462973126
2026-06-12 00:00:00+00:00,11562.364462973126
2026-06-13 00:00:00+00:00,11562.364462973126
2026-06-14 00:00:00+00:00,11562.364462973126
2026-06-15 00:00:00+00:00,11562.364462973126
2026-06-16 00:00:00+00:00,11562.364462973126
2026-06-17 00:00:00+00:00,11562.364462973126
2026-06-18 00:00:00+00:00,11562.364462973126
2026-06-19 00:00:00+00:00,11562.364462973126
2026-06-20 00:00:00+00:00,11562.364462973126
2026-06-21 00:00:00+00:00,11562.364462973126
